name,age,street,city,state,zip,lng,lat
Amanda Robinson,20,2857 Michael Stravenue Suite 024,Lake Robert,North Dakota,52114,-123.708001,-33.9386785
Erik Washington,72,97494 Edward Crossroad Suite 061,South Rachaelstad,Alabama,72248,-134.814380,87.282941
Yolanda Myers,63,8360 Wyatt Burg Suite 638,Port Corey,Connecticut,37318,67.048019,-42.831799
Timothy Owen,32,26385 Jackson Islands,Port Amyport,West Virginia,95200,77.116260,-49.8661115
David Zuniga,72,7442 Cruz Roads,North Josephville,Nebraska,57016,92.126842,62.0695095
Steven Lynn,64,499 Warner Ridge,Blackton,Rhode Island,50750,-144.525333,85.4085255
Jennifer Robbins,49,2976 Key Vista,West Charlotte,Connecticut,05299,-51.207410,-13.4599985
Hector Powell MD,47,97083 Sellers Club,East Tammyview,South Dakota,29473,176.921851,-65.599256
Heather Adams,39,56457 Michael Isle Suite 263,Wilsonland,Virginia,16946,37.159765,86.701870
Chad Stone,37,3754 Peter Mall Suite 786,Garrisonstad,New Jersey,85260,159.934901,-48.603771
Jeffery Thomas,67,329 Hoffman Grove Suite 508,Port Danielton,Virginia,88555,-70.335787,68.0182735
Jason Ray,39,0741 John Ferry Suite 867,South Elizabethport,Nebraska,28272,132.022049,-32.1766355
Lisa Benitez,63,00184 Huff Spurs Suite 998,Kurtfurt,Indiana,37673,-171.255625,-17.466246
Richard Collins,41,52075 Morris Ranch,Loganborough,South Carolina,82078,128.128534,55.5025795
Angela Morris,72,5097 Eric Rue Apt. 434,Ryanshire,Vermont,55915,-130.330398,51.8925065
Desiree Salas,28,675 Thompson Isle Suite 280,Williamsland,Florida,14147,36.790746,-12.016858
Crystal Nguyen,56,914 Torres Trafficway Suite 136,North James,Massachusetts,77753,64.015872,-48.1663825
Christopher Meadows DVM,24,171 Smith Heights,Jacobside,Rhode Island,42760,47.882146,-15.2423695
Charles Smith,29,01878 Lopez Springs,East Rick,Nebraska,34450,-77.468719,-42.584261
Susan Ortega,54,3338 Jessica Gardens Apt. 040,Leeville,Kentucky,43624,-149.396033,23.1429635
Jeffrey Neal,44,4102 Santos Corners Suite 135,Rickyshire,Montana,17965,47.965287,44.070268
Amy Calderon,52,63951 Alicia Ridges,Robertfort,Mississippi,63526,1.060818,-27.5066725
Melissa Blake,46,03260 Holly Expressway,Port Jenniferberg,Indiana,66307,-46.152176,55.0748705
Marco King,19,3141 Miller Rest,North Matthewton,New Mexico,52227,-22.451733,-8.2663885
Daniel Chen,44,846 Katrina Avenue,East Jose,Indiana,23509,110.461577,34.909205
Teresa Brown,48,584 Ferguson Burgs Suite 514,East Josephburgh,Nevada,17659,-14.906743,74.6593135
Amy Benitez,28,8529 Morrison Lights Apt. 515,East Joshualand,Colorado,88217,-146.197413,0.5090535
Kimberly Stephens,41,96996 Peggy Ridge,Youngville,West Virginia,24279,-147.215746,-5.295044
Mark King,43,114 Jennings Lakes,Elaineton,California,75930,123.789781,86.8049935
Amanda Fuller,51,59561 Tonya Gateway,New Miranda,Minnesota,91629,-29.116228,89.848674
Devon Frazier,70,85676 Porter Hollow,Mckenziefurt,Louisiana,61253,-76.558312,89.7883735
Jennifer Russell,18,8802 James Springs Suite 141,Lindaside,Wisconsin,71745,139.486235,-15.812220
Tim Christian,48,38108 Valencia Lane,Angelamouth,Connecticut,96254,84.305603,-55.309318
Christine Morales,69,2448 May Light Apt. 199,Greeneview,Illinois,78934,94.104890,-23.939102
Nicholas Diaz,57,21929 Omar Avenue,Hebertton,Alaska,92646,106.338745,49.383980
Kathleen Joseph,62,4672 Jose Passage Apt. 766,Riverabury,New Mexico,12911,134.284436,-14.0075605
Nathaniel Graham Jr.,62,766 Kevin Village,Lake James,Illinois,72193,-114.420876,88.055218
Doris Moore,36,401 Lisa Stravenue Suite 943,East Kennethburgh,New Jersey,80635,148.030231,-12.0753195
Debra Espinoza,55,10519 Carter Shores Apt. 722,Debbiebury,New Hampshire,63808,-85.870289,-48.7229025
James Jenkins,35,145 Lewis Lodge,North Robertside,Alaska,75655,-52.427674,-84.3007125
Michelle Chavez,76,452 Mary Course,Markborough,New York,82778,-133.310226,-12.7598385
Jessica Cook,35,9074 Mary Parks Apt. 449,South Craig,Arkansas,85240,-114.163753,31.8564875
Chelsey Gibson,49,90433 Richard Land Suite 988,Kimbury,Wyoming,46625,-31.274615,84.535095
Thomas Solomon,53,535 Chan Streets Suite 155,Port Alexshire,Vermont,64776,-109.969991,-53.9748975
Amber Townsend,33,496 Duncan Brook,South Dianahaven,Maryland,55643,-142.176144,-31.9131315
Heidi Solis,49,22960 Raymond Parks,Gonzalezmouth,Massachusetts,32952,13.812279,55.528529
Chad Parks,21,15957 Andrea Cliff Suite 349,West Tammymouth,New Mexico,04885,-25.801252,-45.782602
Craig Johnson,57,51522 Vanessa Wells Suite 310,South Kathy,Idaho,54990,-88.358324,-39.9243045
Brian Maxwell,43,56595 Mark Haven Suite 425,North Teresaberg,Utah,27772,-68.517650,39.674054
Christopher Malone,69,880 Ashley Stravenue Apt. 400,Port Anastad,Pennsylvania,82008,-31.651129,-77.103596
Heather Spence,19,1441 Deleon Forges Apt. 217,Hensleyborough,Arizona,14537,-136.384237,8.638306
Kelly Brown,60,4597 Wolf Plains,New Jesse,Texas,14155,-121.394168,16.264186
Alexandra Williams,27,1055 Dixon Stream,Elliottton,North Carolina,87176,-122.242828,71.4766245
Maria Winters,65,510 Jim Wall,Ronaldfurt,Rhode Island,96623,139.818788,-73.0816575
Paul Jones,37,2779 Walsh Greens Apt. 790,South Jeffreyland,Utah,97791,62.985258,33.187577
Lauren Morrison,62,72481 Gerald Ports Apt. 205,Christinaburgh,Rhode Island,66164,-140.919890,41.8017115
Kelly Davis,67,4612 Reynolds Summit,Atkinsfort,Arizona,85026,138.857704,22.6463715
Michael Miller,77,83070 Nicole Summit Apt. 263,North Joseph,Kentucky,46591,135.289929,-31.484618
Michelle Parks,77,2895 Murray Summit,Hernandezstad,Hawaii,99186,23.192869,62.649325
Abigail Hart,31,48128 Debra Camp,North John,Vermont,35813,6.338098,-57.8553335
Scott Arnold,38,3950 Christopher Inlet,Lake Brendaside,Hawaii,62770,-83.575180,-77.470454
Alisha Davis,56,53197 Johnny Ranch Apt. 912,South Susanton,Colorado,35039,-84.719987,52.0883625
Derek Thomas,74,9638 Valdez Stravenue Suite 731,New Jeremy,Illinois,65021,9.855755,29.2926815
Michael Moore,74,7518 Ellis Points Suite 536,Barrettbury,Georgia,72868,-7.176712,22.103397
Jason Rodriguez,50,145 Cody Valley,Bradyfort,Nebraska,84775,134.941527,72.0014655
Dr. Chad Costa,20,9239 Koch Motorway Apt. 106,East Raymondmouth,Arizona,93839,21.241725,27.706373
Joseph Schmidt,30,780 Bradley Motorway,South Tracy,Florida,02299,174.784696,-46.6885905
Kristina Donaldson,29,99830 Rodriguez Estate Suite 932,East Daniel,Illinois,28069,-176.768611,5.150905
Elizabeth Craig,20,56583 Johnson Plaza Apt. 604,West Jennifer,Arizona,70749,104.030079,23.408612
Candace Mcfarland,44,294 Gabriel Harbors Suite 496,Lake Justin,Iowa,10321,53.779787,-78.346951
Aaron Castillo,70,35730 Johnson Radial Apt. 135,Port Josephtown,Tennessee,37548,-23.168095,88.883222
Robert Woods,31,286 Ronald Fords,Adamsfort,Alaska,41565,-52.396577,85.365505
Mr. Michael Boyle,41,8215 Soto Squares,Matthewberg,Kansas,77710,-168.410945,21.850130
Jeffery Smith PhD,40,5285 Evans Stream,New Jennifer,South Carolina,84616,-6.596262,-2.341291
Paul Blair,43,3357 Parks Valley,Thomaston,Wisconsin,03189,-61.192992,-42.4203605
Alexa Snyder,38,34376 Hughes Pines Apt. 280,East David,Rhode Island,22976,87.104066,5.032937
Shawn Baldwin MD,51,3513 Meyer Locks Apt. 697,New Coryside,Maine,39725,8.778222,77.179114
Courtney Stewart,32,11484 Monroe Meadow,Sydneytown,Michigan,75646,23.057612,84.9560775
Jasmine Anderson,30,520 Amanda Ways Suite 509,Port Heather,California,40191,-15.914144,-83.5640955
Nicole Mendez,54,66103 Smith Avenue,New Debra,Hawaii,74542,170.717038,-8.305483
Michelle Harrison,56,6233 John Loaf Suite 296,Conleyview,Pennsylvania,26350,62.528582,-71.5858825
Michael Shelton,53,4615 Flores Skyway Apt. 322,Smithchester,Colorado,72301,124.990955,-46.2032275
Chase Ellis,21,08714 Cody Ridges,West Cynthia,North Carolina,94265,108.899018,66.107617
Paige Diaz,73,5554 Jones Islands Apt. 042,Samanthaport,Kansas,01559,98.383848,-76.2037875
Dawn Pham,52,10233 Jessica Streets Suite 221,New Anthony,South Carolina,36398,-147.999273,-30.8539905
Barbara Adams,37,590 Marc Burgs,Michelleborough,California,20879,9.694107,-16.1229845
Christopher Wood,56,2764 Roberts Corners,Lake Christopher,North Carolina,79192,-122.894140,-50.307270
Whitney Newton,52,73061 Smith Pine,Port Connorbury,Massachusetts,39857,134.982505,83.537788
James Jenkins,24,84227 Martinez Vista,West Stevenfurt,Delaware,07786,-89.107222,49.3095525
Chelsea Williams,50,8635 Marco Motorway,West Johnburgh,Connecticut,27341,7.177552,52.660429
Jacqueline Hopkins,38,79168 Cynthia Roads,Halltown,West Virginia,12930,-128.624998,57.9398445
Teresa Smith,25,82526 Gregory Creek,Lake Staceyborough,Wisconsin,55356,-134.266689,-19.041630
George Gregory,62,129 Courtney Stravenue Suite 420,Henryborough,Oklahoma,94994,-59.190377,34.7750855
Miranda Espinoza,18,461 Jerry Glen Suite 657,West Brian,Missouri,85900,-144.879645,62.3297495
Tracy Bradford MD,51,118 Anita Street Suite 644,Lake Lisaburgh,New Mexico,76228,-106.828182,35.4922145
Daniel Bush,27,78411 Price Lake,Walkermouth,Nebraska,76015,1.154440,89.0071035
Melissa Miller,54,1486 Sonia Underpass,West Julieburgh,Idaho,81075,-39.821048,58.6292805
Cathy Roberson,30,131 Matthew Village Suite 891,Johnmouth,Maine,81738,-65.777232,-10.1866605
Michelle Diaz,27,3681 Thomas Vista Suite 627,Cantutown,Wisconsin,57734,-24.586279,-7.8760865
Nicholas Munoz,49,599 Mathew Union,Huntmouth,Maryland,10157,-43.214881,-24.3499355
Ms. Holly Figueroa,47,285 Brown Inlet Suite 100,New Cynthiafort,Georgia,19036,117.017485,44.0977545
Kim Wright MD,72,47274 Alicia Causeway Apt. 535,Davidside,New Jersey,70777,116.164652,-33.5911375
Christopher Skinner,26,530 Coffey Avenue,Adamsfurt,Vermont,23773,76.410655,84.623714
Jacqueline Mcmahon,65,86705 Brown Roads Apt. 029,Meghanbury,Virginia,40329,9.045212,-51.2251955
Michael Frank,55,0435 Steven Mill,Lake Dawnchester,Tennessee,38940,-47.676195,-44.7019495
Steven Benton,29,06430 Cole Ville,West Erinland,Arkansas,32041,-13.494448,-14.5063695
Angela Price,74,229 Leah Springs,North Amy,Arizona,63457,-127.121900,-53.319954
Patricia Washington,54,60087 Young Glen Suite 121,Lake Chadberg,Massachusetts,16744,-103.359123,8.058489
Sean Chan,78,92446 Rivera Rapids,New Melaniefort,Hawaii,30810,-19.886619,52.938992
Erik Pena,35,54589 Paul Rest,Melindaton,Indiana,83297,-77.208996,57.708171
David Lopez,48,996 Richard Coves,East Brandy,Montana,66124,-96.408387,28.407673
Ruben Mosley,58,17799 Thomas Landing,New Heather,Louisiana,89619,-107.114642,-88.560042
Joseph Johnson,28,063 Waters Turnpike Suite 471,Huntermouth,New Jersey,89414,154.117137,-31.5985575
Cynthia Scott,59,6741 Keith Port Suite 719,Tuckertown,Delaware,06606,77.507501,-49.9062385
Nicholas Duffy,18,09957 Long Loaf,Vazquezport,Texas,36980,-150.258759,80.907371
Daniel Tucker,79,10579 Phillip Highway,Lake James,North Carolina,43416,-88.322189,34.5105465
Mr. Donald Mcdonald,53,5258 Joseph Manor Suite 693,South Crystalburgh,Mississippi,33791,-27.440373,-21.142198
Brendan Griffin,37,077 Theresa Road,Bowerstown,Tennessee,87355,-95.396210,-3.166717
Samantha Vaughn,21,57513 Emily Trace,North Stephanieberg,Alabama,60908,121.501610,-69.198191
Cody Garcia,72,695 Jeffrey Crossing,East Brandon,Virginia,10499,154.923418,-76.534503
Patricia Hernandez,38,1062 Wayne Mission,Anthonyberg,Connecticut,73490,107.213594,-26.285051
Jamie Mcclure,25,6573 Hall Green Apt. 545,Lake Emily,South Dakota,03995,-83.947105,21.9622335
Christina Bradford MD,74,4551 Wells Ridge Suite 718,Dodsonmouth,Michigan,96887,-9.326165,21.616751
Yvonne Yates,75,240 Conway Flats Suite 800,East Kaitlin,South Carolina,18146,-21.979805,0.1144595
Jonathon Davis,75,6579 King Square,South Hannahview,Colorado,55104,-62.851351,-89.6261805
James Williamson,78,599 Kathryn Summit Apt. 891,Lake Russell,North Carolina,46480,46.248296,-12.4467865
Veronica Greene,28,8225 Richard Spurs Suite 784,Port Belindaport,Texas,93362,-48.611363,28.223801
Keith Griffin,25,1271 Kemp Extensions Apt. 542,Johnsonside,Connecticut,91382,174.360788,5.7386665
Jill King,68,664 Ashley Gateway,South Melanie,Maryland,47724,32.426341,-12.5555775
Thomas Franklin,74,3889 Kevin Estates Apt. 290,Port Josephtown,Idaho,70593,-61.169663,30.4761545
Jason Mills,73,82145 Mary Landing,Lake Haroldberg,Tennessee,39229,14.398475,34.222703
Natalie Stephens,65,23623 Higgins Ports Suite 946,Cookfort,Utah,91416,-161.753273,2.0367345
Cody Davidson,49,631 Stokes Rue,Belltown,Nebraska,02939,87.315980,61.315183
Christine Riley,56,918 Guzman Motorway Suite 078,Donaldburgh,Texas,43085,21.068449,-43.9733015
Kendra Vargas,77,954 Lucas Plaza,Georgetown,Pennsylvania,43122,15.459864,35.599092
Brian Smith,44,697 Torres Mountain,East Bailey,West Virginia,18198,142.003341,37.402067
Sabrina Torres,41,72916 Bailey River,Pooleside,Utah,30139,174.727143,-27.0201105
Jerry Miller,43,468 Lisa Forge,West Juan,Massachusetts,43447,-103.548495,36.967458
Scott Lawrence,37,45318 Guy Village Apt. 959,Leeville,Texas,60646,-59.730083,2.1709005
Amy Haley,50,7964 Ferguson Court Suite 160,Port Amanda,Alaska,46396,100.571991,-72.4841845
Kristi Rich,36,0958 Kevin Mount Apt. 768,Angelafort,Massachusetts,88543,-175.669092,18.322275
Kimberly Jennings,35,641 Jennings Vista Suite 305,Port Robert,Florida,71250,-160.091426,61.2289955
Gabriel Kim,43,3919 Mary Keys Suite 158,West Kimberlybury,Delaware,38216,-112.982096,22.7305045
Nichole Benson,35,61094 Reynolds Route Apt. 506,South Joshuachester,Connecticut,97565,-52.724205,-13.8247025
Willie Cruz,42,154 Young Place Apt. 322,South Harryshire,Idaho,71956,4.689164,32.3430985
Christopher Miller,21,3873 Bush Centers Suite 407,East Leslie,Iowa,69555,-127.749832,9.4233155
Jeffery Russo,53,00592 Jacob Creek Suite 529,Kimfurt,Connecticut,02831,104.253722,-40.318325
Sharon Castro,76,3245 James Mountains,East Laura,Montana,79194,-33.891947,-80.4224705
Molly Long,50,99289 Nicole Branch Apt. 979,Jacksonchester,Hawaii,22827,28.597783,-52.2148265
Jeff Clark,52,989 Angela Island Suite 983,East William,North Dakota,94967,-107.211538,65.414157
Jeffrey Soto,53,4955 John Common,North Sarahhaven,Ohio,79669,43.697403,-18.2960275
James Mathews,50,45830 Maldonado Stravenue,South Jenniferport,South Dakota,57869,-64.151562,-37.079768
Richard Moss,41,6761 Patrick Hill,Lydiaborough,Hawaii,97788,178.694629,-28.507033
Heather Estrada,70,27391 Daniel Spur Apt. 050,Lake Kristentown,Illinois,82814,66.156746,-76.566217
Catherine Casey,55,199 Jeffrey Dale,Gardnerport,Kansas,88321,-142.331485,37.620100
Justin Levine,69,433 Carrie Overpass Suite 668,Amberbury,Alabama,33063,92.980305,-44.028521
Tammy Michael,69,5704 Douglas Land,North Saraport,Oregon,78441,45.718229,-6.0633805
Sara Morris,39,6711 Christopher Drives,Port Brian,West Virginia,81963,-105.665212,-18.7748445
Debbie Matthews,32,85570 Gilbert Prairie,Cartershire,Louisiana,28127,-106.093377,-66.3304175
Norma Fleming,21,287 Watson Lock,Robinsontown,Wisconsin,84856,34.441531,-13.890587
Stephanie Wilson,40,25194 Peterson Drive Suite 250,Lake Thomas,Oregon,65202,175.216473,-35.206224
Laurie Schultz,51,970 Martin Plain,Port Jason,Mississippi,29358,41.346593,16.2018225
Matthew Martin,26,2612 Charles Tunnel,Amberbury,California,79223,55.700721,15.460761
Kaitlyn Wilson,54,147 Rebecca Circle,South Colleen,Texas,41665,99.488634,17.777311
Mark Roman,30,789 Jasmine Fall Suite 922,Lake Vincentchester,Indiana,20197,5.751584,54.668573
Jill Gregory,25,6831 Denise Lodge Apt. 028,Lake Danielport,Indiana,00975,22.590796,-0.469302
Melissa Robertson,65,270 Lee Way Apt. 760,Lewisport,New Mexico,45230,58.763812,-39.8695625
Brian Keller,69,7308 Jennifer Point,Taylormouth,Wyoming,83713,-60.715646,-50.9944775
George Morgan,56,648 Patricia Throughway Apt. 828,Jasonmouth,Pennsylvania,14166,121.825379,69.676430
Christine Lee,65,4538 Diana Port,Jenniferfurt,Montana,58239,131.048524,-71.6647165
Nicole Schneider,25,63098 Adams Spur,Millerstad,Pennsylvania,80199,-6.153570,77.6249665
Robert Jennings,59,391 Billy Drive Apt. 172,Sharonmouth,Delaware,32827,2.586024,-46.694017
Angela Lucas,75,702 Jordan Key,Reneemouth,Indiana,82579,14.548604,-53.719443
Michael Fox,48,351 Rebecca Meadow,Jenniferton,Oregon,36793,171.162455,39.4023205
Gina Miller,54,81961 Moran Groves Suite 928,South Danieltown,South Dakota,47784,-107.689202,-39.1247175
Mary Pollard,67,036 Barnes Creek Suite 044,Vangton,Arizona,57907,-78.534491,38.045689
Brandi Mcneil,21,622 Griffin Ramp Apt. 703,Natashabury,Illinois,66421,48.125494,86.8325775
Jody Hansen,31,579 Schmitt Walk Apt. 631,Johnsonhaven,Arkansas,83432,6.907483,-58.8633895
Alexandra Adams,78,388 Andres Junctions Apt. 712,North Sandraside,California,30927,-72.872574,-9.3764165
Rebecca Ross,28,8563 Shaffer Isle,Port Coryton,South Dakota,45726,-17.952268,72.108719
Robert Thompson,53,3113 Landry Underpass,Freemanmouth,Georgia,67311,83.630683,-33.8107215
Joseph Erickson,61,6874 Amy Knolls,East Amyland,North Carolina,57080,-52.183755,-15.214944
Thomas Fields,18,04670 Carolyn Prairie Apt. 420,East Travisbury,Ohio,62590,48.837069,-59.023868
Allison Moses,66,0279 Garcia Plains,Amandaville,Maryland,67913,30.072269,-59.8838255
Ashley Mcdaniel,25,55533 Steven Plains Apt. 885,Rebeccaberg,Florida,23473,-178.772057,-83.203869
John Moran,58,9155 Thomas Oval Suite 966,Kimberlyside,West Virginia,40170,89.357380,9.517920
Barbara Garcia,72,11134 Jenkins Meadows Apt. 328,Foleymouth,Iowa,14938,-67.971638,48.8595095
Mr. Derek Murillo,23,75280 Thomas Locks,West Danielfort,Alaska,28316,102.202660,-9.870259
Elizabeth Garcia,70,5365 Peterson Station Apt. 431,Port Karl,South Carolina,16867,-122.375283,20.318667
Nancy Gibson,65,381 Smith Bypass,North Blake,Alabama,72420,-151.576624,-74.196927
Leah Hebert,59,103 Sandy Camp Apt. 925,South Yvonneside,Louisiana,69187,-5.476092,-31.498557
Christopher Walls,80,80748 Lopez Walks Suite 027,Mikechester,Kansas,89197,-110.895396,87.880763
Scott Banks,64,960 Lopez Hill Apt. 550,New Aaronland,Idaho,72123,88.782888,-59.876805
Mr. Joshua Barton,63,321 Carolyn Place Suite 651,Lake David,Delaware,75789,-22.048579,47.513779
Tyler Johnson,69,0750 Crystal Turnpike Apt. 174,Marystad,Tennessee,82111,-71.583354,-89.972981
Maria Compton,20,63774 Fleming Rue Apt. 553,East Anthonyton,Kentucky,12429,54.411646,-70.375258
Miss Lori Garcia DDS,30,175 Gross Turnpike Suite 317,North Heatherland,Illinois,62408,-55.910180,9.6504535
Brandi Chung,79,5482 Andrea Tunnel,Lake Jamieland,Idaho,17902,-112.406000,-65.5467335
Juan Warren,77,3573 Bowen Flats,New Lori,Oklahoma,51194,-12.817785,-9.979677
Mr. Joe Chapman Jr.,67,6937 Lindsay Courts,West Brendatown,Arizona,22068,-150.071667,18.8586835
Jessica Williams,50,838 Alvarez Island,Thomasmouth,Virginia,03142,87.028756,83.3043705
Cassidy Beck,30,9819 Sanchez Parkways Suite 350,Port Sandra,Oregon,20834,-51.236539,21.9560455
Mary Hayes,26,71298 Williams Trace,West Robert,Maine,84095,-121.354437,7.0457575
Andrew Brown,28,53238 Justin Via Apt. 806,Edwardfurt,South Carolina,83162,96.196510,-9.5514235
Tonya Austin,67,910 Cook Fall Apt. 304,Howardton,Kentucky,20752,14.844266,-75.8071975
Sara Smith,52,04831 Reed Cliff,New Anthony,West Virginia,47836,24.683190,42.271752
Sarah White,21,94894 Jones Ridges Apt. 214,Hallton,Washington,12215,-107.200974,-3.608026
Mitchell Williams,29,52171 Smith Rapid,Garciamouth,Missouri,32458,81.076796,-49.996629
Douglas Davis II,74,743 Aaron Hills Apt. 787,Port James,New York,46118,50.650692,-18.1577895
Diana Anderson,45,56654 Gillespie Pass,Josephton,New Hampshire,93273,11.882946,39.7626745
Donna Lynch,32,998 Scott Key Suite 395,West Elizabethfort,Missouri,36546,-59.421778,-55.168309
Catherine Jones,29,621 Oconnell Alley,South Lawrence,Nevada,77524,-100.853248,37.7909455
Olivia Carey,21,740 Kim Mews,Moorechester,Maine,18088,-174.006988,-63.883938
Charles Hernandez,74,11634 Evans Track,New Luke,Kansas,13358,5.905544,-65.063412
Anthony Evans,74,18402 Bishop Cove,New Lisa,Nevada,92763,48.148824,-57.483200
Ms. Ashley Lopez,50,67779 Hernandez Pine Apt. 625,South Crystal,Connecticut,04164,107.296396,83.0821085
Jerry Campbell,23,769 Cindy Village,Bakerport,Kansas,51921,-16.907694,17.990418
Thomas Mcdowell,64,772 Amanda Islands Suite 780,North Gregory,New Hampshire,37237,94.125846,59.2626445
Crystal Wang,58,545 Norman Extension Suite 298,Alexanderton,Utah,71688,48.981479,-73.5545455
Kerry Cox,51,8664 Matthew Points,Lake Scott,Connecticut,99940,-119.209346,-22.1354395
Nicole Wilson,36,2225 Karen Fields,Port Donna,Kansas,78853,116.782635,78.792871
Mr. James Bennett,70,18812 Wong Trail Apt. 989,Lake Donna,California,64835,-61.876150,-8.526286
Jonathan Burns,63,57736 Ashley Ridges Apt. 799,North Tylerfort,Indiana,72721,56.877734,48.1885105
Diana Calderon,74,3063 Nicholas Point Suite 737,Jasontown,Michigan,24199,-175.918485,17.4154045
Jennifer Schaefer,76,37700 Crystal Village,Port Sarah,Alaska,46408,-32.109704,0.236947
Stanley Spencer,76,61213 Olson Divide,Lawrencestad,Alabama,91496,86.267596,-15.030654
Kelly Davis,70,21826 Bright Gardens Apt. 723,North Cassandraborough,Louisiana,22746,110.934865,19.9071805
Tanya Martin,28,64398 Wallace Mews,Dustinport,Hawaii,54020,118.865941,74.4185495
Jenna Reese,30,3698 Wolf Square,Lake Keithport,Colorado,44630,-11.196778,11.951177
Kristin Thompson,69,21267 Schmitt Park Apt. 687,Port Tiffanymouth,North Carolina,79163,-173.199715,-8.1903555
Marcus Thornton,79,600 Phillip Court Apt. 837,South Katherine,Arkansas,38609,-36.270195,-52.996318
Teresa Bates,38,35232 Ramos Rue Suite 102,South Patricia,Nevada,99199,-134.252676,65.2503045
James Robertson,65,54099 Dana Vista,Austinfurt,Nevada,72412,-95.902108,-22.732570
Andrew Thomas,75,020 Juan Trail Suite 229,West Nancy,Alaska,08345,-138.301658,-40.736879
Billy Decker,56,706 Richardson Lane,Paulton,New York,67210,24.173992,-3.8482765
Maria Benjamin,68,008 Turner Fall,Port Jeffrey,Connecticut,27339,-127.143161,-47.345821
Rickey Carroll,63,4857 Maxwell Circle Suite 321,South Brian,New Mexico,43109,-7.018765,51.094769
Bailey Davis,25,5904 Shawn Square,Davismouth,Colorado,63922,-148.232972,42.649431
Shaun Wright,78,684 Samantha Street Suite 798,Lake Kenneth,Alaska,36766,165.420146,-79.780748
Kimberly Harvey,74,901 Lisa Freeway Apt. 329,Alexanderhaven,Ohio,59635,166.513237,60.039005
Christopher Mcmillan,24,9736 Lori Prairie Suite 203,North Brianhaven,Arizona,20802,-84.284150,-55.1096095
Michael Smith,73,24383 Brown Branch Suite 461,South Megan,Mississippi,83521,168.068087,49.740511
Roger Rivera,75,746 Sanchez Stravenue,Smithfurt,North Carolina,24447,-70.693903,-55.865320
Jack Huang,74,86585 Wheeler Corner Apt. 163,Port Jenniferbury,Indiana,49187,-71.558834,-38.108817
Stephanie Gomez,66,00573 Kaitlyn Courts,Espinozaside,South Dakota,23348,83.933223,55.7331475
Elizabeth Schwartz,62,83498 Ryan Center,Thorntonside,Ohio,57232,133.748468,-10.226642
Kevin Romero,77,9114 James Route Suite 810,Williamstown,Missouri,33156,73.676879,-4.0059795
Sarah Stark,52,920 Williams Avenue,East Bettyburgh,Virginia,95851,-137.959930,-64.2315775
Jessica Brown,24,1631 Rose Parks Apt. 971,East Ashley,New Jersey,31054,105.535169,73.9098105
Seth Nielsen,71,200 Marilyn Ville Suite 007,Josephbury,Ohio,91700,-18.256988,-33.063733
Cheryl Carr,41,2938 Tammy Isle Apt. 780,Noahview,Georgia,62116,96.187922,-2.5407235
Denise Schwartz,29,550 Amy Plaza Apt. 717,Jeffreyport,Vermont,80741,0.455330,-57.0970435
Patricia Young,22,76013 Robert Street Suite 591,New Katie,Pennsylvania,48033,75.152879,-18.7995705
Kelly Carter,36,199 Laurie Gateway,North Todd,Arizona,12157,-142.118328,-5.389910
Terri Miller,25,184 Cohen Inlet Suite 085,Port David,Colorado,71358,85.507147,-87.798325
Christina Stevens,70,4010 Jody Squares Apt. 630,Lopezville,Virginia,06965,-174.768410,-65.6848775
Chloe Williamson,40,9588 Wallace Center Apt. 410,East Tamara,Iowa,15779,146.593224,44.5843505
Timothy Howard,22,82624 Susan Prairie Suite 976,East Noah,Alabama,07299,94.986896,-55.3811925
Gregory Hamilton,23,49511 Miller Landing Suite 987,North Kendrabury,Montana,16321,-54.921536,-9.0988645
John Munoz,65,92155 Warner Street Apt. 374,South Catherine,South Dakota,40324,78.523390,-73.6572005
Hannah Silva,35,93806 Baker Falls Apt. 394,Clarkhaven,Texas,48116,151.886212,54.093920
Lauren Smith,28,36764 Thompson Crest,South Loriburgh,Minnesota,36483,-130.798485,-64.3286445
Harold Fitzpatrick,34,819 Brianna Inlet,Port Lisa,Kansas,08180,42.913204,42.8738925
Ronald Gomez,40,0544 Bradley Tunnel Apt. 346,East Sherrihaven,Louisiana,87448,-28.598260,68.0415575
Karen Powers,67,92437 Marissa Plains Suite 007,East Johnberg,Tennessee,53444,-56.843164,23.896033
Julia Avila,75,6778 Adam Wells,Hallview,Virginia,80195,167.537468,-0.575676
Donna Jordan,73,643 Benjamin Extensions Apt. 923,Teresachester,Louisiana,66359,-149.684442,78.203896
Justin Johnson,22,142 West Pike Suite 951,Johnville,Hawaii,90993,-101.475110,29.6078885
Jennifer Ortega,45,1982 Vang Parkway,East Brent,Wisconsin,18327,-131.463360,-2.858272
Diana Kane,45,638 Johnson Village,Carrhaven,Vermont,99524,-105.985059,-10.252138
Billy Guzman,64,883 Lauren Harbor,New Alyssamouth,Oregon,87631,164.417102,-59.674081
Ronald Fitzpatrick,80,89205 Guerrero Mission Apt. 383,West Latoyachester,Arkansas,37244,5.832237,87.0937845
Joseph Benson,42,02820 Timothy Estates Apt. 230,Robinsontown,Michigan,49664,-1.671408,19.386249
Emily Hurley,38,6249 Bennett Vista,Brentbury,Oregon,99903,-116.011752,24.988994
Cassandra Moore,19,06965 Johnson Corner,Donaldburgh,Louisiana,91420,-141.014784,-60.250696
Maureen Hutchinson,30,733 Kathy Manors Suite 992,Nelsonbury,North Dakota,86452,-41.363545,-11.481119
Kenneth Graves,45,680 Graham Underpass,Port John,Alaska,19511,54.206651,13.888547
Karen Smith,46,24344 Coffey Prairie,East Christinaview,Montana,68640,-126.457427,55.6275395
Jacob Mcgee,64,164 Oneal Walks,South Georgeburgh,Minnesota,13828,-73.658475,20.880558
Erin Smith,24,442 Rowland Isle,Lake Rebecca,Washington,57113,104.428538,-36.186668
James Johns,45,80669 Robin Cape Suite 409,Lake Tanner,Connecticut,44183,-51.740076,-47.6762295
Mrs. Kimberly Smith,24,52487 Paige Spurs Apt. 113,Davidfurt,Kentucky,21649,158.107829,-3.724136
Jeffery Randolph,28,5063 Smith Stream,New Danielchester,Arkansas,14463,-100.979543,-42.231957
Emily Flores,56,80954 Smith Turnpike Apt. 840,Goodwintown,Rhode Island,54703,-114.237973,-66.212197
Jessica Marsh,61,682 Pennington Camp Apt. 951,Edwardshire,North Carolina,21658,172.220895,-71.1009365
Michael Wiggins,40,1502 Jordan Station Apt. 769,West Anitaport,Washington,69761,97.763758,-74.716913
Robert Lee,24,4228 Karen Mission,West Randyfurt,Ohio,69777,110.628854,-20.947321
Veronica Turner,31,405 Morse Point,West Suzanneberg,Missouri,96884,-60.663860,81.735391
Cindy Smith,72,620 Dawn Mall Suite 759,North Danielberg,Iowa,63383,-63.376937,-36.2779985
Amanda Butler MD,23,4390 Bryce Field,New Bryanburgh,Texas,12355,158.547950,12.671788
Tanya Stone,68,6421 Lee Lock Suite 150,Mariahaven,Florida,05924,-80.299858,15.696419
Joe Clark,56,3728 Maldonado Squares,South Adamfort,Idaho,55409,164.492950,-77.3980875
Steven Willis,62,8705 Mary Summit,Port Paul,Missouri,53078,-177.675707,-61.848949
Andrew Ross,69,603 Armstrong Fields,Taylorstad,Illinois,50281,177.249141,44.6997045
Mary Campbell,49,69096 David Island,East Kimberlyshire,Illinois,76098,147.467364,33.518359
Shane Bowman,29,7481 Victoria Spur,South Amyville,Utah,53896,91.880630,-89.546450
Adam Carpenter,70,211 Christopher Square Apt. 397,North Melissastad,Alaska,49833,80.724058,60.2972785
Kimberly Johnson,30,83998 Wood Gardens Apt. 948,East Joanmouth,New Mexico,22970,-94.950404,88.9855675
Carlos Nelson,69,971 Cochran Pike,East Donaldburgh,Tennessee,33827,80.722088,-8.164895
Michael Sampson,73,81486 Hoover Mountain,Obrienmouth,California,20980,-108.037385,-37.165628
Rodney Sanchez,26,67951 Jonathan Lane Suite 980,West Jasminefort,Delaware,93852,-92.318059,-79.339416
Ryan Rodriguez,22,6564 Harrell Run,West Karenton,Oklahoma,25747,157.310337,-44.272142
Phyllis Morris DDS,64,8923 Austin Mill,Lake Jasonhaven,Virginia,82684,-137.775619,4.242284
Tracy Sherman,73,21893 David Run Suite 505,North Loganmouth,Ohio,95962,-120.040721,-21.841490
Sean Patel,51,36569 Brady Corner,Greenborough,Iowa,80948,-65.178643,64.2098755
Jenny Barber,28,0907 Samantha Forge,South Danamouth,Georgia,83627,-4.840627,19.815045
Karen Davis,32,484 Cook Bridge,Lake Kathleenfort,New Mexico,75115,-44.885795,-13.385076
Mrs. Kathryn Wyatt PhD,44,4912 Haynes Heights Suite 486,Marcfurt,Ohio,13926,-120.287645,-58.8288675
Ryan Fisher,30,0959 Dickerson Roads Apt. 342,South Melanie,Oregon,63174,-149.961001,-58.2472855
Maria Harris,19,371 Michael Plaza Suite 250,Evansstad,Virginia,14009,71.521297,63.800508
Stephanie Holloway,31,38545 Stewart Port,North Jacquelineberg,Colorado,37908,38.647904,-88.6039475
Robert Santiago,29,95885 Sullivan Station Apt. 239,West Taylorfurt,North Dakota,91208,-144.509925,-74.689412
Jeffrey Stanley,25,8062 Vaughn Key,South Jerryville,Alabama,07050,61.830934,55.8837525
Rebecca Evans,35,5826 Thomas Meadows Suite 081,New Sharon,Minnesota,64970,67.436675,35.843417
Jeremy Lynch,37,0949 Brandon Court Apt. 992,West Jillfort,New Hampshire,76118,-141.732105,64.3300745
Taylor Duncan,61,55398 Sloan Plain,Jasonchester,Iowa,86999,98.080986,-23.857005
Elizabeth Wells,18,33026 Cynthia Road Suite 637,Nathanberg,Mississippi,84693,104.512981,-41.804053
Misty Hamilton,62,8035 Lyons Green Suite 190,West Katrina,Louisiana,91985,9.898842,-5.397051
Jon Crane,45,2179 Russell Lights,West Douglas,Colorado,92053,95.915355,-41.636123
Yvonne Thompson,18,3202 Michelle Island Apt. 341,North Laura,Alabama,35191,145.060490,-50.618349
Chase Cummings,29,56230 Green Vista Apt. 899,East Aaron,Alaska,55400,150.626754,-7.944047
Stephanie Patel,44,1248 Grace Valley Suite 291,North Erica,Ohio,76324,-164.873889,-12.648318
John Wells,26,478 Allen Plain Suite 310,West Patrickmouth,North Dakota,68526,40.919425,42.592176
Lisa Price,71,289 Brandon Crescent,East Matthew,Wisconsin,77502,-140.571611,-87.2581495
Thomas Turner,80,2403 Jackson Ferry,Lake Lauraland,Alabama,53644,-122.285785,24.8741905
Ricardo Price,41,996 Mcbride Courts,Lake Katrina,Massachusetts,70964,-56.653431,-66.407761
Dale Bennett,18,59305 Gibson Center Suite 761,Port Kevinmouth,New York,75872,-17.429436,49.4880035
Miss Karen Steele,40,8162 Willis Isle,East Jessicaborough,Minnesota,84263,-176.216683,44.8218205
Matthew Gonzalez,35,09567 Mary Fort Suite 083,Lake Kelly,Mississippi,11744,76.237207,-18.997196
Emily Lamb,69,861 Davis Fall Apt. 429,New Alejandroburgh,Kentucky,37833,-40.480880,81.7235635
Antonio Bell,46,91179 Kari Loaf Suite 487,Port Matthew,Maine,16839,67.465566,-40.4527215
Misty Douglas,30,6491 Patricia Expressway Apt. 631,Maryshire,Nebraska,32061,-98.983124,11.2822055
Robert Stewart,60,1610 Deborah Hollow,East Sandra,Oregon,99420,14.509141,-69.5499625
Jeffrey Cortez,62,1316 Thomas Tunnel Suite 337,South Dwaynestad,New Jersey,91915,12.105696,55.6607185
Kevin Johnson,58,023 Valentine Camp,North Kimberly,Maryland,55632,50.851886,37.305955
Michael Holmes,48,9817 Hansen Hollow Apt. 791,North Jefferyside,Michigan,37189,155.951891,-69.5297125
Matthew Crawford,68,8543 Moody Villages,North Jessica,Arizona,77886,-124.239643,18.626526
Peggy Sampson,77,835 Lance Island,West Mary,Connecticut,62591,-126.489933,34.900439
Manuel Jones,71,956 Banks Extension,North Jeffberg,Texas,76880,64.753789,20.2489195
Morgan Eaton,41,41969 Sandoval Mission Apt. 048,Romanton,Illinois,12145,125.797727,-7.1606255
Tamara Perkins,60,000 Charles Lock Suite 368,Dustinview,Louisiana,80278,41.152908,32.3915135
Nicole Jordan,29,86987 Michael Neck,Bakerborough,New Jersey,46288,-22.756472,78.3234905
Tony Hart,74,595 Dunn Mountain Apt. 724,Brandiport,Louisiana,21795,-42.879782,-7.5443625
Angelica Macias,19,18933 Espinoza Springs,New Martinborough,Connecticut,18551,-91.021844,-37.457199
Jennifer Ramirez,76,179 White Landing,New Jenniferfurt,Hawaii,52713,161.516007,64.642137
Nancy King,45,8566 Richardson Wall Suite 021,Markborough,South Carolina,09151,-80.128566,-30.986460
Ashley Cline,28,9836 Boyer Stravenue Apt. 189,East Mariaview,Florida,83860,54.656368,22.2729625
Clayton Smith,55,8798 William Turnpike,South Phillipberg,Virginia,78548,29.725372,85.7374835
Karen Lopez,43,53768 Phillip Passage,Williamshaven,New Jersey,84908,-160.380357,-37.797382
Charles Smith,22,8292 Oliver Glen Suite 087,West Amy,Connecticut,22256,152.698379,-88.4431435
Jerry Delacruz,65,1141 Rodriguez Neck,Smithton,North Dakota,40594,148.238323,46.4119895
Devin Church,47,458 Catherine Inlet Apt. 089,Austinport,Florida,33136,49.380694,-28.476502
Jasmine Calderon,62,002 Cooper Roads,Waltermouth,Rhode Island,42732,122.127521,40.4001035
Susan Harrison,80,2871 Jennifer Knoll,Smithport,Missouri,67622,-146.135914,43.8411615
Alicia Sheppard,69,109 Katrina Port,Michellebury,Massachusetts,06061,-33.909882,71.806641
Angie Vega,25,1120 Hudson Fort Suite 783,West Sara,Oregon,82819,-169.146125,27.383203
Susan Lopez,25,547 Christine Summit,North Carlfort,Washington,60944,-88.921489,71.8316675
Billy Cantu,19,4912 Perez Drive Suite 048,Wilsonshire,Nebraska,78797,-103.156336,-46.191296
Jeffrey Vaughn,36,16466 David Brook,Richardsonville,North Carolina,33947,-116.048872,-59.6765375
Russell Alvarez,64,4650 Debra Mountains,Port Susanville,New York,36941,41.204224,49.632870
Jesse Green,32,417 Paige Flat,New Hollyside,Massachusetts,67459,153.932368,-0.016653
Ronald Park,74,91019 Goodman Vista,East Eric,Alabama,67339,-50.032837,-65.267759
Allen Garrett,38,1886 Justin Roads,East Christopherberg,Washington,92867,120.675216,-8.6008535
Stacy Anderson,22,6595 Robert Isle Suite 286,New Antoniofort,Oregon,44742,-89.186537,72.4645235
Sandra Aguirre,74,9080 Morgan Locks Suite 344,Warrenville,Colorado,99475,-168.074794,-55.529820
Elizabeth Molina,63,7636 Christina Grove,West Josephfurt,Washington,47006,-116.379044,88.596425
David Moore Jr.,71,5005 Taylor Forks,Josephside,Hawaii,56924,8.030890,63.204483
Stephen Lewis,35,711 Andrew Terrace,Williambury,North Dakota,99327,-98.526903,-17.8867555
Jessica Caldwell,72,5390 Griffin Drive,South Richardmouth,South Carolina,05712,-120.122633,-18.1205045
Courtney Glass,55,14465 Tanner Crossing,Chelseamouth,South Carolina,14951,14.822361,-65.7351735
Scott Henry,33,67654 Virginia Overpass,Villanuevastad,Arkansas,80168,-71.397001,-2.4958005
Randall Edwards,40,7765 Garcia Street Apt. 378,West Sara,Illinois,26047,160.546837,-70.790179
Peggy Wood,53,46130 Nguyen Lake Apt. 292,East Chrisberg,Indiana,05977,127.775853,-6.111558
Brandon Gutierrez,34,99522 Mercer Brook Apt. 298,North Sarahfort,Maine,32032,53.994681,-53.4657715
Robert Leblanc,27,515 Brent Ville,Jackfort,North Dakota,69139,77.154010,-44.9161375
Jimmy Fox,31,7298 Cassandra Cove Apt. 301,Whitemouth,Washington,25965,67.467321,45.0936055
Nancy Massey,53,516 Bullock Trail,Codyton,South Dakota,01840,-32.818456,70.9018695
Julie Mitchell,72,9964 Fisher Valley,East Eric,New Mexico,87252,157.266120,-18.3008245
Sabrina Woodward,72,2705 Abigail Bypass,New Sara,Massachusetts,53883,31.479644,48.9813835
Dakota Edwards,21,173 Jonathan Island Suite 547,North John,Massachusetts,77317,14.328232,50.2237245
Jaime Johnson,25,956 Eddie Drive Apt. 734,South Meganborough,Virginia,16301,111.515286,56.8205055
Jose Johnson,34,9163 Thomas Keys,Danielleside,Utah,17068,163.368292,-6.2785715
Mrs. Tiffany West DDS,37,3941 John Crest Suite 576,Lake Keith,Alaska,06134,173.487594,64.4914195
Mark Compton,26,7205 Wendy Overpass,West Theresamouth,Wisconsin,98968,-1.632905,15.329066
Ryan Chambers,43,8128 Avila Vista Suite 707,East Sarah,New York,92371,-119.081661,1.0782005
William Bailey,58,755 Vargas Lakes,Lake Brenda,Idaho,93395,35.239055,-46.105009
Nicholas Mason,77,3114 Shannon Rapid,South Kristinatown,New Jersey,37415,141.755305,25.4242455
Jessica Johnson,30,696 Natalie Key,Port Josephfurt,Missouri,92988,58.578336,16.2639995
Catherine Banks,33,77437 Thornton Island Suite 279,Kirkberg,Oklahoma,53185,-68.909428,-31.1518425
Troy Perez,18,2894 Carlson Tunnel,Perezside,New Jersey,13556,19.744334,17.8141525
Tasha Kline,19,732 Donovan Crossing,West Jeffreyton,Vermont,77637,-23.969292,-68.9958795
Joseph Lee,35,6352 Harris Walk Apt. 415,South Christopher,Connecticut,59634,-138.811744,-60.657258
Margaret Wilson,32,104 Huff Walk,East Keith,Virginia,61399,-1.620888,-55.025042
Michael House,35,35249 Grant Overpass Suite 617,Tiffanyside,Pennsylvania,85982,-23.826729,52.539658
Brett Mitchell,42,3553 Noah Wells Apt. 212,Sherryside,Nebraska,66864,127.496337,-25.4399715
Nicholas Howe,31,373 Ruiz Light Apt. 125,Port Vincentfort,Wyoming,03984,-49.866894,59.590816
Jonathan Fernandez,50,075 Daniel Tunnel Apt. 750,Robertsonbury,New Jersey,42358,-2.089311,8.5842525
Nathaniel Jordan,61,81233 Amanda Inlet,North Brettbury,New Jersey,54979,42.890587,44.206416
Dave Singleton,73,991 Pope Station Apt. 242,Thomaston,Virginia,78940,-41.282732,86.0661055
Andrea Conrad,46,63971 Kathy Motorway,Bowmanville,Georgia,48605,125.012424,68.618320
Ashley Williams,64,647 David Unions,Riveramouth,Colorado,13675,15.745210,4.5961355
Brittany Boyd,71,35421 Cooke Ramp Apt. 373,West John,Hawaii,54829,85.056789,-11.7728895
John Rodriguez,70,611 Emily Club,Robertschester,Massachusetts,73088,-155.922506,-56.7351345
Sheila Williams,45,43713 Margaret Stream Suite 198,Smithfurt,Tennessee,03893,135.542307,66.8151235
Katrina Wilson,65,9410 Reed Point Suite 506,New James,West Virginia,91946,166.681439,11.929028
April Scott,28,24869 Michelle Trafficway Suite 448,Garciaview,Pennsylvania,89489,-127.867076,5.790094
Jennifer Sweeney,66,0249 Robert Harbor,North Melaniefort,Alaska,69400,-2.978239,-46.082140
Sarah Austin,76,547 Francis Rapid,Jamesland,Minnesota,84962,-160.423598,-62.6609255
Larry Williams,60,53703 Baker Pine,Nelsonmouth,Pennsylvania,07330,103.092505,-63.949287
Lauren Smith,68,8770 Cannon Plaza,Lake Rachel,Tennessee,29490,-170.943679,-48.9516325
Richard Rivas,55,626 David Street,Alexburgh,Arizona,78135,-10.761340,-27.5234105
Seth Ferguson,58,15984 Herrera Station Suite 823,New Adammouth,Massachusetts,04325,-65.466616,-2.5742335
Sean Robles,34,8664 Scott Ville Suite 632,Hallton,Kansas,66305,-139.690267,65.0298565
Timothy Reid,63,42981 Brock Spurs Suite 075,Frazierfurt,Colorado,92326,142.442764,15.2275245
Aaron Thompson,64,764 Bowers Dam,New Pamela,Oklahoma,35111,-164.309161,-7.7196585
Zachary Goodwin,35,9327 Debra Inlet,Rodriguezberg,Ohio,46616,-177.679639,23.7580215
Raven Meyer,34,8144 Snyder Highway,Lake Christopher,Massachusetts,85393,64.145160,30.7225195
Timothy Moore,57,49165 Jill Extension Suite 549,New Emily,Kansas,94666,-76.318812,-3.838652
Joseph Lyons,65,4675 Taylor Mews,New Andrew,New Jersey,92409,-17.438858,36.5110755
Shawn Ballard,46,7013 Garcia Islands Suite 815,Deborahburgh,Rhode Island,36615,84.182579,-22.3081105
Susan Price,22,285 Miller Springs Apt. 150,West Logan,New Hampshire,26145,164.922274,-73.2685765
Lisa Wright,59,5486 Allison Square,Nealtown,Illinois,71869,-28.798843,-23.1113065
Amy Nguyen,22,289 Gilbert Points Suite 759,East Elizabethmouth,California,92300,-47.206416,-31.5458645
Connie Middleton,39,7192 Cain Turnpike,New Belinda,North Carolina,45289,7.753477,-25.5230155
Steven Mayo,62,7489 Heather Stravenue Suite 467,Lake Brittanyfurt,New York,57226,44.878740,11.882873
Christine Klein,68,95196 Ingram Pines,East Diamondport,Hawaii,88243,-26.501711,6.2590025
Becky Clark,49,746 Smith Hollow,Kennethchester,Minnesota,84951,-134.042995,89.0579815
Joel Blake,19,2693 Natalie Coves,Davidbury,Wisconsin,95778,111.702370,-62.295162
Lisa Daniel,25,6961 Andrew Turnpike,Ambertown,Oklahoma,41278,-81.448384,65.528930
Cynthia Hernandez,61,708 Daryl Pike Apt. 694,Escobarstad,Illinois,83234,32.339262,-25.1877745
Linda Williams,79,8426 Vanessa Station,Chenberg,Wisconsin,98766,-159.385456,-14.798980
Frank Thompson,24,3212 Allen Mountains,Johnville,Michigan,14919,-33.743242,37.5025475
Michael Patterson,45,62880 Robinson Forges Suite 378,Jenniferfurt,Michigan,34387,51.529641,-5.9231065
John Garrison,21,849 Paul Ways,Reynoldsside,Missouri,09062,-32.634275,-82.453678
Carolyn Copeland,26,9914 Matthew Ridges,Leahborough,New York,60529,-79.915756,66.739232
Olivia Watkins,56,8938 Alvarado Well,Lake Bradley,Massachusetts,88117,127.952540,23.0121135
Robert Sanchez,59,77615 Angela Turnpike Suite 187,New Briannahaven,Maine,61753,29.700368,14.6222935
Mr. John Soto,61,0842 Evans Port,West Nicole,Kansas,70067,-123.421462,-49.216725
Amy Stevens,39,7566 Thompson Key,Snowmouth,West Virginia,46635,-159.359209,-41.6016445
Joseph Chaney,41,4823 Wagner Stravenue,Danielleville,Kansas,83550,-95.883423,-61.3151475
Anthony Greene,74,0135 William Motorway Suite 567,Joshualand,Colorado,17904,-46.976685,86.7393555
Tina Hall,60,9969 Lisa Road Apt. 177,Garciaburgh,South Carolina,45919,48.919215,-27.716401
Lori Hernandez,24,7455 Lee Turnpike Suite 528,West Timothystad,Delaware,98775,-121.956868,-2.1786365
Sharon Taylor,28,425 Rogers Hollow Apt. 712,East Ryanland,New York,54878,-162.295124,-56.9939165
William Jordan,67,9990 Marks Club Apt. 313,Stevensburgh,Nevada,82835,85.006988,70.534804
Kathryn Carr,70,072 Jennifer Spur Apt. 669,Aguirreland,Missouri,90761,146.377547,-17.8488435
Anna Young,37,41872 Bonnie Cove Apt. 407,Wiseberg,Idaho,14902,7.984523,61.662632
Allen Wilson,30,8171 Crystal Junction Apt. 659,Lake Stephanie,Utah,53253,-145.719217,29.1962765
Timothy Williams,28,4350 Abigail Shoals Apt. 050,New Gabriela,Washington,91434,132.948496,13.426550
Stephen Williams,38,730 Reed Wall Suite 240,Amberfort,Tennessee,57623,-40.061699,-5.855182
Allen Burton,67,08410 Rebecca Greens,Stephanieberg,Illinois,77734,-72.992892,18.046291
Andre Molina,52,510 Medina Terrace Suite 576,Lake Zacharytown,Arizona,83655,27.114780,-13.9769125
Douglas Lee III,56,799 Patterson Point Apt. 015,Port Sarahshire,Maryland,93382,22.694116,-25.877337
Curtis Brown,27,8696 Shah Mission,New Mackenziemouth,Delaware,69496,43.221727,88.2863375
Courtney Barnett,74,31294 Cooley Villages,Trevorland,Oregon,10231,61.570869,40.8614005
Willie Duran DDS,71,13483 Michael Summit Apt. 561,New Stephanieport,New Hampshire,07126,171.300322,-5.1257665
Brett Gardner,37,517 Perez Motorway,Reyesland,New Mexico,37667,166.008766,70.266961
Paul Kemp,58,037 Mills Station Suite 134,North Janicemouth,Idaho,71182,-62.976199,-14.543836
Natalie Page,49,6325 Cordova Walks,North Steven,Texas,67145,-20.988699,74.286044
Heather May,53,2071 Stephenson Station Apt. 907,North Darrylland,Ohio,17271,0.477259,41.930976
Cameron Harris,57,0452 Estrada Points Suite 239,Ruizshire,North Carolina,19452,-114.510995,-67.0647795
Chris Wise,37,12855 Andrew Court,Jimmyborough,North Dakota,11741,18.478744,73.8606655
Dr. Zachary Jones,39,349 Lang Plaza Apt. 202,Baileytown,Montana,94693,-173.421661,-59.7881195
Sean Pham,66,8609 Amy Freeway,Lake Cynthia,Alabama,55765,-8.273225,38.707774
Diane Smith,31,788 Fisher Gateway,Thompsonport,Illinois,67517,87.215567,-29.8931665
Jennifer Hamilton,73,46489 Sexton Knolls,South Robertland,Colorado,75564,91.048233,52.886411
Kimberly Morales,57,5676 Mcdonald Place,Tylerville,Florida,24790,102.423448,84.7196175
Richard Wells,72,18311 Caleb Road,New Jesus,Wyoming,86978,-74.504179,24.2584565
Thomas Stevens,22,964 Kim Glen,East Benjamin,Michigan,00551,50.281585,13.556945
Phillip Vargas,68,9917 Harmon Points Apt. 296,Port Victorview,Iowa,64821,157.608832,18.275094
Scott Houston,31,5964 Drew Hollow Suite 389,West Tracy,Idaho,70285,-36.502246,-55.155263
Jessica Mason,25,0975 Stephanie Trail,Roberttown,Pennsylvania,45798,-115.595541,-53.0334865
Brittany Cain,23,75267 Nichols Crossroad,North Tyler,New Mexico,39770,42.642540,16.4324785
Brian Gonzalez,76,001 Hardy Junction,New Justinborough,Indiana,13052,33.350553,-80.334099
Haley Rangel,78,541 Lawrence Shore,Marcberg,Missouri,40980,-39.895676,45.374123
Linda Owens,27,33677 Paul Isle Apt. 356,Lake Derricktown,Georgia,93501,24.725446,66.8954915
Carlos Garcia,62,572 Daniel Islands,Port Matthew,Arkansas,78390,8.909523,48.220363
Travis Soto,30,570 White Lake Apt. 129,Lake Alicia,Virginia,85114,142.304298,-18.439530
Brandon Jones,19,889 Rogers Walk Apt. 339,Lake Jessicabury,Massachusetts,57196,116.464082,-68.7803595
David Jackson,39,65324 Matthew Brook,Ericstad,Texas,32557,-168.336210,-44.003789
Melissa Powell,48,5198 Diane Parkway,Charlestown,Montana,97798,173.342893,-35.2438005
Angelica King,80,5267 Matthew Via Apt. 594,Michaelfurt,Massachusetts,18650,111.332452,-24.282811
Ernest Dawson,60,971 Courtney Path,Port Joseph,Pennsylvania,27199,164.045152,-57.969929
Manuel Calderon,32,912 Chavez Plains Suite 474,Port Michael,Oregon,42389,-135.581592,71.451444
Angel Gilbert,29,5867 Martinez Ridges,Evanshaven,Ohio,15763,-64.654167,83.550212
Eric Taylor,57,428 Jonathan Via Apt. 762,Rileymouth,Arkansas,56702,-8.636904,-30.906316
Krystal Joyce,34,50963 Jones Lake Apt. 148,Christianbury,Wisconsin,36634,1.967500,-88.6166285
Samantha Bishop,71,89010 Yoder Terrace,North Dana,Idaho,80570,86.646937,71.298047
Robert Travis,39,737 Justin Orchard Apt. 473,Martinshire,Massachusetts,48389,113.655608,-76.112694
Peggy Green,73,369 Debra Manors,Lake Samuelstad,Virginia,42166,52.758359,-76.1888725
Deborah Carter,37,132 Woods Gardens Suite 293,Morrisonborough,New York,89488,61.576392,57.9855415
Robert Khan,25,745 Carroll River Apt. 570,Smithberg,New Hampshire,40391,-164.920770,-2.822864
Erin Adams,48,3411 Bradley Lakes,North Shannonberg,Arizona,34504,-165.527227,35.790669
Daniel Prince,72,16339 Benjamin Courts Apt. 521,Willisberg,Wyoming,03008,-173.511246,-66.896861
Mrs. Ashley Williams,19,18059 Glover Club,Port Madisonport,Arkansas,12657,-93.756009,54.0614995
Micheal Keller,75,31692 Barnes Greens Apt. 988,Port Luis,Texas,54290,-18.392133,-24.848796
Jordan Butler,73,383 Castillo Dale Suite 026,South Mark,Tennessee,47568,42.654851,16.1897405
Michelle Murillo,31,3934 Patricia Passage Apt. 322,Port John,West Virginia,55916,-102.741333,87.510793
Dustin Morgan,18,48891 Timothy Port,Thomasmouth,Georgia,32265,27.776511,26.7778725
Marissa Owens,77,74339 Juan Plaza,Tinaland,Kansas,89798,80.751638,-86.416611
Miss Kristen Green DDS,26,759 Todd Highway,Nealland,Pennsylvania,21530,-71.743310,-67.2297115
Holly Harris,72,5568 Cuevas Landing,Charlesborough,West Virginia,75887,72.855378,-13.279361
Tamara Alvarez,66,68429 Anderson Viaduct Apt. 366,Millerfort,Washington,67328,147.206109,11.0103475
Jason Baker,54,848 Johnson Inlet Apt. 948,New Maryport,Alaska,01825,-152.389777,-72.5057435
Alicia Anderson,18,88031 Price Hollow,Moralesview,Montana,58978,54.578280,42.739987
Lori Adkins,68,708 Brenda Knoll Apt. 606,Dorothytown,Oklahoma,25430,-79.506805,87.247014
Nancy Flores,36,1132 Danielle Keys,East Charlesville,Washington,89033,-160.166325,-12.832974
Justin Walker,71,1361 Mcgee Brooks,North Christine,Minnesota,88412,67.331843,24.478764
Travis Rivera,78,140 Jonathan Gardens Suite 013,Davisview,Massachusetts,28930,-175.542865,-41.114510
Jessica Farmer,53,5322 Nelson Tunnel,South Charles,Missouri,14017,-69.463436,33.5693395
Anthony Turner,66,981 Adams Fork,South Brandon,Alaska,07273,-92.006747,-72.1362695
John Deleon,46,9134 Daniel Curve Apt. 151,Codychester,North Dakota,27672,-70.217543,-2.820310
Audrey Flores,69,2817 Casey Circle,Steinhaven,Mississippi,91369,168.005690,35.358534
Sally Gibson,27,657 Charles Radial,Petersonborough,Maryland,64076,111.642688,-18.3798025
Daniel Sparks,46,01910 Castillo Walk,Kingstad,Arkansas,40874,-41.293289,16.455852
Paul Snyder,29,39130 Jones Harbor Suite 340,Millertown,Tennessee,41380,101.939662,-75.839049
Jonathan Burns,22,165 Brittany Ridges,East Julian,Montana,92283,-96.918167,-66.413157
Kenneth Hill,60,0891 Betty Locks Suite 061,South Monicahaven,Utah,72872,-39.374217,69.5603375
Johnathan Holt,61,4359 Robert Drive,Hudsonmouth,Tennessee,19051,115.755018,-33.7160105
Andrea Gould,31,249 Sherry Pass Apt. 800,North Jennaland,Wyoming,55269,147.700586,-17.719266
Angela Little DVM,46,9792 Joseph Gardens,Lake Carolynport,Hawaii,42897,93.496600,70.6021295
David Turner,57,68468 Michael Spurs Apt. 064,Lake Coreyport,Texas,86868,-43.073326,-1.427463
Patrick Trujillo,42,376 Louis Summit,Port Darren,Arkansas,02944,153.730000,7.0802235
Sydney Avila,26,403 Christopher Knolls,New Megan,New York,78339,16.862919,44.6725125
Matthew Grant,27,618 Tammy Orchard,Travishaven,Nevada,47597,-76.664775,61.648051
Kendra Jackson,80,0436 Emily Heights,West Craig,California,49040,-164.665392,44.9917895
Bradley Atkinson,32,3316 Kyle Station Apt. 106,Michellebury,New Jersey,09265,88.284652,40.453613
Cassandra Watson,72,05205 Stephanie Lakes,North Amber,North Dakota,56366,-148.215953,24.556481
Marissa Hamilton,26,8252 Hayes Point Suite 397,Jenkinshaven,Nevada,62185,-57.327589,-88.777944
Michelle Franco,42,593 Harmon Glens,Harrellhaven,Nebraska,67656,-148.836262,-40.4975115
Brian Hughes,74,50504 Catherine Light,Josefort,Alabama,57941,-178.783324,-52.7196405
Nancy Heath,53,877 Adams Burgs Suite 628,West Diane,Delaware,05148,38.287796,39.079391
Michael Smith,22,079 Katherine Keys,West John,Louisiana,86677,152.654395,29.159739
Jason Gonzalez,79,374 Beard Lakes,Belindamouth,Connecticut,99513,-159.197679,73.1714385
Deborah Gonzalez,36,33749 Green Pines,Port Laurahaven,Delaware,81591,153.805172,-53.920578
Dr. Garrett Dorsey,51,5909 Smith Lake,Port Anneshire,Michigan,48138,-128.124169,3.2706565
Christina Gallegos,74,600 Santos Locks Apt. 466,Robersonland,Ohio,65312,2.421011,-70.310864
Erik Collins,22,7233 Nicholas Summit Suite 856,West Amberville,Tennessee,79806,-51.788262,41.951183
Maria Burns,24,1334 Gregory Walks Suite 034,Powersland,Florida,13550,-82.542773,76.0332045
Tiffany Mills,22,77303 Amy Orchard Suite 253,West Andrealand,Vermont,81543,-95.822213,31.466181
Kimberly Kramer,24,9685 Aaron Roads,North William,Georgia,82573,-5.383357,-44.0646235
Patricia Perez,74,868 Steven Squares Suite 659,New Shawnbury,Virginia,93871,1.954814,40.305643
Sarah Ballard,35,129 Kevin Shoals Suite 355,New Stephanie,South Dakota,87012,148.098353,45.4482135
Michael Coleman,33,078 Henry Bridge Suite 281,Bensontown,New York,24890,147.877303,-54.5368355
George Phillips,35,522 Allison Lake Apt. 577,Bryantberg,Vermont,96408,-127.273383,50.1135135
Amy Rodgers,27,0583 Mark Flat,Mckenziehaven,Arizona,90402,-116.835314,-87.600265
Erik Thompson,43,674 Travis Crescent Apt. 817,North Cathyland,Wisconsin,09050,-130.984593,-85.6444715
Kendra Davies,38,083 Michael Hill,New Danielburgh,Hawaii,47136,95.424014,45.200957
Kaitlin Burton,36,8490 Scott Mill,Kimberlychester,Iowa,94120,-132.709733,-4.2828655
Franklin Edwards,23,810 Ward Run Suite 899,Scotthaven,Kentucky,85215,38.778488,-67.376442
Ann Hays,28,526 Ashley Bridge,North Juliehaven,Montana,09827,102.726242,19.3433385
Anthony Anderson II,19,9172 Bowen Vista Apt. 669,South Lawrence,Mississippi,97411,159.108882,1.975074
William Roach,31,667 James Mills,Wilsonmouth,New Jersey,41012,164.884806,-4.989060
Jeffrey Hodges,51,576 Lawson Station,Brownport,Montana,01954,138.331036,-73.777099
William Thomas,39,138 Hopkins Shoals,South Lisa,Minnesota,98388,160.891900,-63.491791
Lisa Smith,32,43333 Dean Estates Suite 524,East Julia,Pennsylvania,12316,162.315161,54.1724785
Michael Bailey,58,28296 White Rapid Suite 657,New Stephanieshire,Kansas,90687,-18.324225,-72.2585115
Kimberly Sanchez,40,16318 Johnson Gateway Suite 177,Lake Peter,Indiana,25409,160.285269,80.349614
Stephanie Green,22,970 Lee Port Suite 556,Scottshire,Montana,17643,-93.727168,-55.3205865
William Turner,63,31666 James Unions,Jenniferhaven,Missouri,29546,-79.582087,22.086158
Hunter Kelley,54,436 Shannon Prairie,Lake Carrie,New Jersey,00836,-115.901015,27.540425
Raymond Harris,22,4225 Scott Dale,Cruztown,Maine,58913,-161.692905,-51.6880595
Kathryn Gray,78,7711 Horton Course Apt. 902,Darrellburgh,Michigan,50964,80.766393,-50.4104915
Terri Cardenas,65,10232 Jones Island Suite 742,Lake Susanland,Florida,75906,-93.760545,31.0828795
Randy Coleman,35,47501 Hudson Corners,East Alicia,Maryland,80834,-151.634447,3.0579985
Phillip Mclaughlin,48,923 Berry Hill,North Maureenton,Connecticut,55916,-34.327991,64.4288015
Kelly Vazquez,26,706 Odom Bypass Suite 935,Katrinaport,New Hampshire,07259,58.704977,55.587965
Angie King,60,6953 Patton Hollow,New Sherry,West Virginia,99592,-170.763060,-1.9025865
Jason Smith,23,916 Brian Crest,West Michaeltown,Maine,66546,156.393650,-6.704725
Donna Freeman,34,551 Kaitlyn Cove,South Brendaport,New Hampshire,71877,26.071410,-20.759320
Blake Collins DDS,29,5008 Derek Walks Suite 404,West Stevenfort,Tennessee,69646,-152.995647,46.279417
Travis Jones DDS,21,54019 Michelle Hollow,North Jasmineside,Ohio,47712,82.439578,-48.606630
James Wall,29,1361 Kellie Spring Suite 259,Lake Elizabethberg,Mississippi,90788,172.764643,-11.8912895
Amy Patton,65,067 Jeffrey Fall,South Rebekahview,Nebraska,16236,-147.067653,-77.372769
Daniel Hawkins,37,6544 Francis Streets,Shafferborough,Montana,57748,103.901284,-40.8542045
Patricia Lam,57,655 Jackson Loaf Suite 652,South Anthony,Kentucky,82654,162.203147,46.794636
Brittney Malone,45,09114 Howard Park Suite 090,Port Andrea,Maine,23645,146.933222,27.957519
Judy Camacho,71,13796 Hodges Locks,Cooperville,Idaho,23916,-59.919564,-15.9865035
Christine Wallace,71,71873 Johnson Locks Apt. 284,Cummingsview,Georgia,10620,19.419026,-50.244182
Amy Jones,80,095 Jennifer Row Suite 343,Lynchberg,Tennessee,61833,62.879957,12.651020
Carlos Brown,26,98711 Michelle Overpass Apt. 876,West Danielhaven,Oregon,96437,-80.554803,87.2981065
Ryan Baker,55,8243 Jacob Hills,Port Cynthiahaven,Connecticut,19460,174.062976,69.576513
Robert Jones,52,18508 Anthony Summit,Bellfurt,New Mexico,37899,97.338368,-77.2096325
Lawrence Mullen,25,8121 Ferguson Common Apt. 242,East Glennside,California,74427,154.366800,-72.5481545
Paula Ferguson,30,926 Hill Lock Apt. 370,South Joshuaberg,Delaware,34343,156.613456,-4.731654
Bryan Flores,46,08398 Dale Club,Dustinfort,Wyoming,73913,-110.542619,-14.8146225
Brendan Evans,26,006 Warner Run,South Leah,Alabama,76981,158.461949,-52.266559
Dennis Luna,28,5613 Romero Common,New Shannonberg,Wisconsin,31752,65.945941,-13.7085205
Patrick Cochran,41,75003 Baxter Lakes Suite 135,North Wesley,Maryland,46823,-62.890708,-60.4398595
Natasha Williams,45,62141 Mckay Course Apt. 315,Lake Thomas,New York,07717,-126.316867,-23.2416955
Kimberly Garcia,51,6289 Jesus Circles Suite 533,West Brandon,Nevada,64529,115.040882,54.5919075
Stephanie Morris,35,988 Walters Islands Apt. 211,West Mark,Minnesota,15987,62.879182,-30.210922
Michael Padilla,79,6866 Benson Greens,Camposborough,Colorado,45961,-77.899926,-45.042869
Melanie Howell,59,37066 Mark Cape,South Tony,Kentucky,59411,-71.896605,82.3264215
Jessica Harrington,34,0306 James Shoal Suite 379,North Donna,Alabama,55891,-126.830724,79.576864
Terry Kelly,60,2544 Kelly Freeway Apt. 272,North Alexisbury,Indiana,12131,-109.267884,-73.4746125
Robert Lewis,46,9112 Watson Rapids,South Taylor,Texas,80374,29.634610,-44.4960265
Amy Howell,58,128 Romero Loop,Jameschester,Maine,48648,151.701599,79.0054705
Joshua Fletcher,64,5949 Herring Pike,East Christopherborough,Florida,61436,129.012980,-52.3592885
Charles Morgan,48,0358 Rodriguez Estate,North James,Minnesota,81952,-33.394004,37.3700195
Jonathan Dunn,53,974 James Walk,Cameronstad,Washington,97289,36.115598,1.2962515
Jamie Rollins,54,2851 Tracy Gateway,East Ryan,Iowa,31883,120.028694,-42.4534055
Shawn Hall,42,0754 Anna Dam,Kaylaview,Tennessee,13057,117.873525,-71.131354
Brent Gallagher,50,17408 Rachel Mews Apt. 774,East Danielle,Ohio,08953,69.250102,23.090125
Mary Allen,73,739 Moore Center Suite 655,East Mollyhaven,Tennessee,39891,-7.500410,66.0134665
Anthony King,22,2279 Morgan Hills Apt. 696,Lake Tammy,Nebraska,08303,-57.292118,5.860817
Kimberly Jackson,20,54847 Schroeder Loop Apt. 822,Lauraport,Nevada,24969,-103.661016,3.458799
Kim Taylor,55,455 Charles Circles,Aprilborough,North Carolina,20838,-2.839927,8.7384325
Randy Hartman,61,0245 Benjamin Trail,Port Sarahberg,Utah,65642,-126.616986,79.7858335
Denise Cook,18,246 Young Walk Suite 466,Christinaport,Nevada,46148,-34.101404,-45.046621
Anna Barrett,26,76564 Rhodes Camp Suite 297,Davidburgh,New Mexico,64559,-121.265626,-82.588096
Tyler Gentry,35,7563 Harris Shore Apt. 553,West Jameshaven,Nebraska,86929,-10.596308,74.813744
Audrey Tanner,39,1759 Robert Turnpike,New Davidmouth,Ohio,58125,-36.186752,-89.4035535
Joe Robinson,40,679 Gould Cliff,South Stacey,Nevada,25301,-94.640349,5.9224845
Aaron George,52,5792 Ana Club Suite 593,West Nicole,Alaska,60246,-86.589590,22.796401
Steven Knight,77,02473 Garcia Alley,Alvaradoville,New Mexico,02047,-150.722801,-47.204418
Wendy Woods,78,5540 Paul Station,Dianaberg,Massachusetts,38635,-75.857974,22.2598315
Laura Young,42,278 Jeanette Hill,Kennethton,Georgia,00990,111.928737,28.237728
Lance Valentine,48,6789 Stephen Fords,Lake Jodishire,Louisiana,38136,-30.362303,65.387505
Michael Stevens,48,33435 Wright Stravenue Apt. 336,Ramirezside,Rhode Island,09146,138.448628,-53.443559
Molly Miles,34,733 Brady Cove,Port Jessica,Florida,08223,59.268281,20.2463475
Jacob Norris,56,6699 Thomas Coves,Lake Danielside,Washington,94197,-179.739426,23.3504285
Dr. Jenna Day,57,2597 Kimberly Crescent,East Martin,Wyoming,70608,113.742684,82.012395
Kristin Pugh,38,2729 Watkins Mountains Apt. 023,Gomezville,New Jersey,30014,51.061333,-43.0920625
Debbie Holland,70,8815 Justin Spur Apt. 912,East Jamestown,South Dakota,62253,-93.399309,72.112063
Amber Shepherd DDS,49,008 Scott Turnpike Suite 591,Andreaside,Oregon,26904,-106.832955,-73.882448
Danielle Andersen,77,47870 Stephens Stravenue,Richbury,California,70799,-175.234207,-76.8421565
Christian Odom,28,3851 Adams Knoll Suite 939,Baileyhaven,New Hampshire,44585,-8.756192,12.3641065
Kimberly Gilbert,65,18914 Jackson Square,Jeremyborough,Nevada,11129,-101.982660,57.4709315
Courtney Gomez,41,901 Kimberly Well,West Kellyton,Michigan,21733,-7.999384,39.4669195
John Pollard,26,8646 Nicholas Union Apt. 323,East Billy,Maryland,04747,153.769878,70.382984
Ethan Hayes,71,709 King Wells,East Patriciamouth,Mississippi,09076,-22.285928,-7.6734965
Kenneth Brown,69,866 Dennis Corner Suite 726,Lake Brooke,Georgia,45048,143.180719,63.8235505
Kevin Wolf,46,081 Brown Trail,Port Ronald,Montana,19691,173.658649,-4.6640525
Michael Bailey,78,69242 Betty Square Apt. 660,Thomasland,New Mexico,07268,-165.242888,88.674746
Gene Brown,43,8819 Cody Knolls,Charlesview,North Carolina,19901,105.438752,-10.5388075
Matthew Harris,53,08979 Gregory Grove,Port Lisa,Montana,34344,77.514558,-67.441437
Dr. Erica Lopez,64,77274 Diana Underpass,South Bobbybury,Montana,12184,-153.593023,57.919523
Joseph West,71,7293 Garcia Drive,Fosterfurt,New Jersey,02349,-122.686608,-35.4642305
Brenda Matthews,41,631 Arroyo Falls,Scottshire,New Jersey,44926,92.822619,-41.4953745
Emily Nelson,23,6722 Frank Meadows,Hansonbury,Arizona,31030,76.711946,5.0840385
Mrs. Kelly Ware DDS,18,37740 Steven Plains,Moonton,Vermont,76222,137.168263,82.2333115
Paul Salinas,27,8765 Morales Street Suite 104,Lake Erikabury,South Dakota,29794,172.079867,49.0109335
Angela Taylor,79,947 Wallace Canyon,Bridgetborough,Maine,91205,-80.165796,76.225524
David Arroyo,31,5251 Caleb Walks,Barnestown,Minnesota,71856,-14.931269,-38.490702
Susan Green,32,9435 Trevino Fields,North Brittany,Wisconsin,98830,-32.717357,69.981590
Lauren Berg,35,62151 Gaines Parkway,Kimberlychester,Tennessee,44127,-49.420946,46.483405
Robert Marquez,35,17559 Renee Islands,Brianchester,Rhode Island,17600,-148.470335,47.302654
Tracie Farrell,55,57174 Shelton Trail,South Kelsey,North Dakota,28704,-64.223031,-55.529431
Curtis Peters,24,8276 Derek Mountain,New Melissa,Idaho,76157,109.804710,-2.8915615
Renee Henson,25,924 Jackson Mission Suite 766,Jenniferstad,Florida,64227,-153.584009,67.518863
Edwin Allen,25,391 Bobby Mill,East Christopher,Washington,98380,8.349634,42.9618705
Maria Gordon,30,350 Larry Ville,Tracyburgh,Arkansas,01799,9.039537,44.6970785
Eric Sims,36,6988 Williams Common,North Kathleen,Alabama,65631,-111.589043,-42.492660
Stephen Jenkins,79,9937 Cathy Field,Glendaburgh,Louisiana,32205,34.268517,66.3257565
Maria Stephenson,53,28571 Castillo Tunnel,Bobbyborough,Montana,26397,86.264606,70.3631965
Matthew Bauer,42,6914 Sandra Isle Apt. 076,West Kyle,Illinois,79576,96.329363,5.518120
Frank Reid,78,305 Damon Rapids,South Jesse,New Jersey,95423,8.670989,47.966046
Robert Kemp,71,30632 Khan Summit Apt. 460,Sethshire,Indiana,74636,-135.978443,69.1048265
Tina Nelson,80,897 Hart Turnpike Apt. 401,Bowenbury,Wyoming,90953,-173.034139,-89.9265505
Patricia Miranda,79,14326 Spears Skyway Apt. 288,Matthewberg,North Dakota,55639,-31.125767,-6.884139
Shannon Frank,69,88417 Johnson Tunnel Suite 473,West Ericland,Arkansas,65918,149.460547,-46.0470535
Brittney Wood,20,4454 Daniel Coves Suite 495,Garciashire,New Hampshire,65460,84.663649,-61.853291
Theresa Mccall,20,672 Banks Meadows,Marshallfurt,North Dakota,23238,-43.926432,65.7142645
Nicole Eaton,76,22306 James Route Apt. 535,Port Emilyberg,New Jersey,43270,-147.907598,-86.212361
Michael Burns,42,1755 Murillo Unions Suite 452,Camachoport,Louisiana,72858,-20.020337,-66.943823
Vanessa Elliott,68,39331 Jacobs Cape,South Christopherview,South Dakota,37533,-167.534038,-9.1782575
Whitney Baker,46,852 Cindy Spur Apt. 208,Amandabury,Utah,14337,-136.774508,1.0076885
Bruce Jennings,75,975 Hernandez Squares Apt. 622,Robertland,Arkansas,49830,12.759893,-11.2685475
James Thomas,19,774 Cochran Cliffs,West Aaron,Virginia,01547,-87.191882,36.801262
Jennifer Gordon,35,2715 Smith Junctions,Byrdshire,Colorado,78708,125.068423,-55.0650495
Nancy Pace,26,6731 Aguilar Mountains Suite 046,Mullinsburgh,Massachusetts,78128,116.409652,34.654656
Nicolas Jacobs,72,777 Wood Square Suite 060,Nataliefort,Rhode Island,68151,33.197333,76.375644
Rachael Parker,25,61395 Peterson Divide Suite 958,Monicastad,Indiana,86522,96.754102,-82.649374
Nicholas Ellison,20,8424 Richard Junctions,North Melissahaven,North Carolina,86122,-76.917971,-72.972117
Kristine Williams,42,8075 Patterson Knoll,Sonyatown,Georgia,74714,61.547960,-74.109434
Marc Wagner,62,3750 Madeline Burgs,Youngburgh,Rhode Island,36855,-88.462431,78.697648
Darrell Frey,72,598 Charles Inlet Apt. 398,Rossburgh,Maryland,41437,85.656014,-61.948878
Amanda Stanley,20,765 Watkins Avenue,Port Michael,Florida,87821,94.513699,-10.6507185
Danielle Morton,37,3724 Ballard Cove,Port Gregoryside,Nevada,39815,31.549563,84.2202155
James Conner,37,1630 Kevin Course Apt. 690,East John,Maine,70451,-20.923723,-48.8261145
Lorraine Morrison,28,493 Taylor Well,Garciaborough,Massachusetts,48016,-77.454326,-27.676518
Kimberly Bailey,49,3455 Young Loaf,Emilystad,South Carolina,29503,-75.702942,27.9390395
Jonathan Carlson,59,498 Lawrence Summit,New Brycehaven,New Jersey,05536,-169.248536,47.301158
Dana Turner,22,1272 Taylor Extensions Apt. 534,Paulville,Florida,32033,-52.404220,-6.250581
Ryan Walters,22,534 Cunningham Isle Apt. 987,New Kevinmouth,Utah,78700,-160.655416,83.308951
Natalie Robertson,59,4974 Harris Viaduct Suite 662,Johnberg,Texas,84147,142.542110,-68.817183
William Kennedy,38,14712 Smith Village Suite 327,Justinstad,Montana,04484,155.942322,-64.5991215
David Sims,80,80613 Williams Plaza,New Michelebury,Connecticut,51961,-69.531654,-8.4882565
Kent Jennings,22,37260 Harris Hollow Suite 586,Alyssaville,New Hampshire,20482,-43.097391,45.140662
Crystal Freeman,71,72175 Crawford Cape,East Marie,Michigan,23788,-56.066047,49.5447745
Kim Brown,28,219 Elizabeth Crossroad,Port Haleyburgh,Mississippi,80516,-126.123082,70.560146
Yolanda Campbell,31,3472 Martinez Alley,North Glennmouth,Rhode Island,29169,175.541679,83.358254
Joshua Hart,63,583 Cheryl Roads,North James,Wisconsin,28167,-8.645910,52.978990
Manuel Hampton,55,43275 Friedman Squares,East Brittany,Kansas,79373,175.404415,-83.262547
Michael Howard PhD,42,97318 Ryan Wells,New Elizabethhaven,Idaho,66081,83.509575,-46.124715
Angela Sanders DVM,21,11160 Brittany Path,West Kim,Idaho,22637,-32.813717,69.110850
Sara Anderson,55,399 Graham Lights,North Douglashaven,New York,50418,41.582981,60.228514
Abigail Johnson,32,140 Lewis Squares Apt. 818,Amyshire,Rhode Island,40897,-78.826346,-76.1952785
Mrs. Maria Pace MD,79,4342 Blackwell Inlet,Lake James,Wyoming,21223,113.740737,-66.9599155
Danny Mccormick,45,9809 Holmes Fort Suite 730,South Lisatown,Michigan,37432,-115.729211,-69.7826535
John Perkins,44,65111 Ashley Land,Port Daniel,Nebraska,92962,160.531845,38.581335
Melissa Hickman,28,917 Paul Hills Apt. 203,Matthewview,Mississippi,16124,93.853254,62.5726905
Zachary Anderson,37,319 Joel Estate Suite 589,Merrittbury,Arizona,14111,26.150049,-27.888033
Charles Davis,39,2133 Anthony Branch Suite 758,Kevinport,Hawaii,81099,9.926082,24.7609245
Eric Johnson,60,68891 Benjamin Ways,Singletonhaven,Iowa,62089,54.353705,-37.5466225
Judy Mcguire,22,707 Justin Loaf,South Ashley,Indiana,03844,12.063696,75.4684925
Phillip Smith,34,0356 Charles Village Apt. 421,Cortezmouth,Utah,65052,154.228721,-39.9212545
Robert Jones,23,7732 Tim Crossroad,Kimberlyside,Vermont,38208,-129.966565,-60.9896485
Dan Hanson,57,128 Wilson Isle,East Johnborough,Indiana,33713,157.256709,-17.7306345
Thomas Smith,79,142 Moore Cliffs Suite 084,Laurenland,Hawaii,31043,-67.979729,-17.9479765
Ronald Henry,49,081 John Ridges Suite 131,Goodwinhaven,Oregon,41604,102.692080,-9.219563
Karen Knight,56,503 Harrison Hill,Sellersmouth,Virginia,92307,-132.242989,-73.239619
Brittany Salinas,23,433 Deborah Streets Suite 636,Padillaview,New Jersey,32071,-33.845698,13.7475675
Brenda Carpenter,39,78253 Mathew Summit Apt. 436,North Walterbury,Washington,75896,17.463084,-57.556849
Brian Jones,51,9017 Garcia Plain Apt. 522,East Nicole,Tennessee,08768,122.798910,-60.371820
Matthew Sexton,79,23150 Mcgrath Mall,Collinsport,Maryland,57732,128.120014,-59.061646
Nancy Thomas,57,2053 Steve Turnpike,Muellerchester,North Carolina,48878,28.510249,-41.9419545
Cheryl Hurley,26,5259 Tiffany Meadows,New Jacobbury,Missouri,71094,159.897755,7.7033335
Kevin Wood,72,8921 Stacey Mission,Thomasstad,Illinois,42362,-127.559413,52.680414
Karen Williams DDS,48,79167 Hunter Port,East Alyssa,West Virginia,44111,-170.865877,-65.583231
Michael Ramirez,72,62191 Drake Garden Suite 150,Lake Elizabeth,Mississippi,50505,-46.209893,7.6414215
Lauren Nelson,63,67541 Brown Junctions Suite 774,Shermanborough,Nevada,85645,36.909465,51.194183
William Palmer,67,353 Timothy Mountains,Murphyville,Indiana,82169,149.437777,14.6914095
Chelsea Mills,77,31686 Katherine Road Apt. 223,New Christopher,Michigan,85355,-47.063734,59.6757865
Matthew James,28,2891 Shields Shore Suite 646,Port Lauraland,Idaho,02423,-49.039301,-71.1322585
Elizabeth Weaver,31,5995 Nathan Lodge,Anneburgh,North Carolina,23336,88.249852,-75.4380155
Sean Fox,51,6039 John Vista,Clarkchester,Minnesota,96287,-139.584505,-12.297897
Vanessa Bailey,28,416 Anderson Common Suite 369,Lake Sean,Massachusetts,73721,-74.203468,-54.976797
Clinton Castillo,79,84873 Katherine Groves Apt. 385,East Jose,Colorado,95637,155.156788,-68.142031
Heidi Smith,44,283 Sarah Terrace,Richardsburgh,Oklahoma,23368,129.323243,58.7009235
Shelley David,43,191 Amanda Pines Suite 057,New Daniel,Oregon,70774,58.333244,-85.9170925
Evan Waters,61,034 Joanna Springs,Wagnerside,Virginia,36267,-50.169199,6.407254
Sheila Davis,22,271 Eric Hills,New Luis,Arizona,61194,-26.632749,-73.576525
Ronald Ross,53,4125 Lowe Burg Apt. 346,Port Luis,Pennsylvania,69258,127.474317,-1.890544
Lisa Bright,64,71063 Phillip Radial Suite 343,Ochoaside,Oregon,75853,109.157578,-29.646518
James Holloway,59,546 Amanda Canyon,East Pamela,Kentucky,14798,-123.702419,25.6624205
Casey Russell,64,466 Miller Estate Suite 040,North Bonnieton,Texas,23964,-155.444780,-43.824991
Laurie Hatfield,77,0515 Brittany Mission,Lake Sean,Massachusetts,20117,16.907906,-82.5371825
Diana Smith,47,961 Heather Fords Apt. 096,East Kevin,South Dakota,51772,-73.907795,7.7437125
Tammy Cline,54,3892 Ricky Passage Suite 348,Brownberg,New Hampshire,52240,4.305558,-86.6637705
Robert Mendoza,77,14386 Valerie Hills,Ambermouth,Montana,11022,26.142796,49.7937895
Ralph Dalton,55,66450 Buck Ports,Jacksonburgh,South Dakota,55038,-2.935562,-80.711485
Leah Jones,21,1851 Greene Heights,Port Jessetown,Idaho,08185,-90.063657,7.2961315
Patricia Anderson,73,28286 Jessica Passage Suite 462,Donaldmouth,Arizona,33260,171.705862,-7.550744
Christopher Burns,53,102 Mcguire Lodge Suite 825,West Erin,Georgia,29745,70.827625,-2.063348
Daniel Bush,58,55656 Singh Fall,West Ashleyside,Missouri,03663,141.911921,-51.2262765
Shelly Powell,29,74151 Ruiz Corners Apt. 330,North Timothy,Missouri,97624,137.490460,49.9905735
David Harris,49,075 Vanessa Villages,Port Barbarashire,Arkansas,33875,153.596035,-24.443627
Sherri Oliver,67,294 Daniel Burg Suite 683,Baileyville,Texas,90561,-102.251484,-28.655538
Christopher Camacho,54,2066 Nicole River,Lake Paul,Tennessee,77273,-18.845205,-49.6292995
Bryan Gilbert,57,44804 Meyers Cliff Apt. 314,East Williambury,Maine,20913,-60.826069,-39.601313
Lisa Miller,28,989 Chris Gardens,New Melissa,Nebraska,60956,-44.211073,33.0926225
Hannah Meyers,36,94708 Herrera Parks Suite 097,Lake Rebecca,South Carolina,57952,86.034825,82.569192
Sandra Murphy,64,2399 Roberto Point,Lake Brianburgh,New Mexico,03976,81.546235,-79.9462595
Tammy Armstrong DDS,50,897 Bullock Motorway Apt. 162,North Lisa,Ohio,14090,104.570176,64.660057
Andrea Thomas,36,71697 Theresa Ports,Port Johnnyfurt,Alaska,50034,96.359153,-25.677021
Lisa Cain,51,7161 Smith Viaduct,Hodgeville,Mississippi,10959,143.750841,46.366858
Edwin Wells,57,0700 Malone Rapid Suite 470,West Aprilbury,Arkansas,67525,81.410919,52.547129
Alexis Hughes,25,6732 Michael Forge,Romanville,Massachusetts,50835,78.530104,55.441241
Susan Mcclure,34,9912 Galvan Pass Suite 088,South Michaelville,Alabama,72121,67.260212,-85.8791905
Alison Guerrero,61,423 Cathy Ports Apt. 615,Clementstown,North Dakota,13870,99.561751,-77.2705125
Michael Williams,74,09675 Jessica Radial,East Phillipside,Nevada,57137,133.755794,62.4539595
Tony Barrera,70,68669 Clifford Meadows,Roseborough,Ohio,21934,-29.505652,35.135631
Michael Jones,56,1693 Ford Lodge,Georgeville,South Carolina,44985,-95.540742,48.589113
Lisa Fowler,46,095 Wise Junctions Suite 529,Carrborough,Delaware,39864,-55.345340,88.758631
Brittany Olson,28,7460 Jones Fork,Port Michael,Kentucky,78385,17.152429,22.088338
Susan Cohen,54,2624 Arnold Ranch,East Adam,South Carolina,51476,-113.681968,66.2047715
Grace Day,39,49861 Smith Stream Apt. 653,Chrisburgh,Wisconsin,44068,154.919047,-40.9193085
Brian Hill,27,4842 Richard Square,Davisside,Washington,45156,77.983706,64.9593955
Michael Brown,80,61749 Karen Loaf,Christopherburgh,Utah,05525,50.684510,-32.6809115
Scott Jones,36,12198 Caitlyn Cliffs,Nathanborough,Maine,78890,-140.265967,-44.1779425
Tiffany Quinn,76,64479 Heather Alley Suite 892,Autumnton,Minnesota,25272,-4.467377,-61.3920485
Diane King,59,9828 Austin Well Suite 671,Jamiebury,Virginia,27832,-77.796959,57.0915645
Isaiah Erickson,72,4268 Gaines Extensions Suite 660,Lake Linda,Illinois,27403,45.690067,-47.307005
Breanna Bryant,74,7629 Richardson Forges Suite 997,North Bradville,California,19992,-21.059851,1.6172955
Courtney Schaefer,32,6208 Pamela Points Suite 690,Lisabury,Nebraska,38107,36.280723,62.5978695
Diane Best,21,2140 Lowery Pike,North Misty,Washington,93283,33.581637,36.1823025
Duane Malone,66,5485 Murillo Fords,South Jamesside,Illinois,57333,45.995096,77.151213
Kristina Butler,53,67798 Bell Street,Rossville,Indiana,74581,139.756671,70.329580
Steven Henson,78,8096 Humphrey Mill Suite 247,Susanview,Rhode Island,76587,-148.113341,-29.2059855
Karen Mayer,51,0576 Yvonne Haven Apt. 488,Port Larrychester,Utah,54334,-18.146964,-64.8155295
Lydia Ross,48,4384 Malone Green,Lake Noahside,Texas,39849,155.603791,73.0673095
Mrs. Ashley White,80,71942 Brown Stream Apt. 236,New Shelley,Virginia,42999,14.125521,-31.9188765
Christopher Adkins,52,074 Herrera Lodge,New Tiffanyfort,Hawaii,64810,30.222160,-39.8307605
Kristen Spencer,58,815 Michael Village,East Michael,South Carolina,18031,-48.872120,-70.6587575
Linda Oliver,42,6217 Noah Throughway Suite 169,Cabreraberg,Louisiana,50222,-7.754919,-11.3075975
Sean Kerr,70,183 Jackson Path,East Craigfort,New Hampshire,26991,-33.344471,72.355262
Tyler Torres,72,66720 Joseph Square Apt. 345,Troyland,Ohio,53348,-39.580318,55.4593225
Jonathan Rodgers,47,0753 Stephanie Neck,Marshallbury,Washington,08437,-59.525677,-34.183150
Patrick Hensley,20,507 Hanson Crossing Suite 972,South Candice,Wisconsin,95582,-179.327274,86.681044
Nancy Archer,32,1866 Rachael Fork,Cynthiamouth,Alabama,22071,-127.310844,-31.640601
Robert Fletcher,75,243 Taylor Inlet,Santiagoview,Florida,33409,116.058696,69.7120435
Joshua Black,67,03842 Clayton Way Apt. 495,East Christopherfurt,Missouri,15699,-8.897066,68.0995505
Sarah Roberts,53,0327 Terri Brook Suite 752,Scotthaven,Arizona,35441,59.045800,11.9228785
Sharon Mercado,32,9534 Brittany Roads Apt. 892,Hayesview,Mississippi,18215,163.575020,-12.0989325
Jason Bartlett,52,866 Thompson Port,Lake April,Ohio,49498,-176.288312,48.545674
Brooke Woods,19,6630 Martinez Inlet,Jerrychester,New Jersey,07653,93.816299,16.5494715
Shawn Donaldson,28,76764 Amanda Terrace Apt. 167,Elizabethtown,Wisconsin,80034,-86.588902,-84.943861
Susan Bradley,29,435 Butler Isle Suite 028,Odomchester,Georgia,24130,-9.556209,-41.292168
Keith Sanchez,54,645 Michelle Mews Suite 480,Annaside,North Dakota,28720,149.239586,-7.6319495
Ronald Green,39,74796 Natalie Ferry,Christinemouth,Georgia,01425,-86.631945,-41.5231685
Rebecca Buck,37,302 Brennan Turnpike,Greertown,Maryland,43723,-173.816458,-64.106312
Jennifer Baker,78,2320 Crawford Street,Kennethview,Missouri,22769,-19.139121,33.675882
Joseph Miller,51,1792 Cuevas Stravenue Apt. 884,Shawton,Missouri,92452,85.191512,81.9746435
Travis Hart,78,775 Kennedy Course,Port Joannburgh,Rhode Island,16708,142.401368,-58.3944595
Colton Owen,24,3485 Simon Ferry,Normanburgh,South Dakota,33169,139.220477,-46.325577
Rhonda Nguyen,57,05418 Lee Mill Apt. 252,Christinafort,Illinois,67957,124.370975,-14.1642775
Jeffery Pruitt,58,10314 Scott Shores Suite 395,New Jack,Rhode Island,28743,-111.526567,-41.2878305
Erin Mathews,34,864 Martin Road,Masseyton,Iowa,37157,-176.147401,-5.021205
Jerry Williams,70,484 Jackson Trafficway Suite 353,North Erinbury,New Jersey,20693,-29.829692,33.0823035
Mercedes Garcia,56,0256 Travis Glen Suite 314,North Chelseashire,Colorado,55683,89.258280,64.2920435
Brian Clark,69,822 Gomez Dam Apt. 796,Laurafort,Indiana,82063,-109.611713,-11.765808
Daniel Oliver,68,73187 Snyder Field Apt. 208,New Linda,Florida,52884,170.639863,-63.414291
Kimberly Baker PhD,41,8861 Lori Forks Apt. 417,North Sarah,Oklahoma,11948,-52.806949,7.969269
Jackson Butler,74,7390 Kimberly Isle Suite 747,South Kathy,Georgia,57971,89.180423,-67.049662
Sara Griffith,34,9131 Hayes Squares,West Eric,Washington,28245,-66.531219,74.149899
Nicole Grant,78,721 Schwartz Mount,North Samantha,New Hampshire,67244,139.559227,2.257634
Danny Robinson,18,79373 Heather Views,New Matthew,Iowa,84193,-165.939218,-85.4841555
Holly Lopez,53,43118 Regina Viaduct,Ericfort,Rhode Island,95965,117.861378,20.499813
Karen Patterson,70,708 Gilbert Landing Apt. 290,Smithmouth,Vermont,16167,59.769862,74.7352885
James Mcmillan,53,91886 Henson Rue,Lake Francisco,Massachusetts,70832,-113.102483,-61.6956765
Lisa Gomez,50,259 Moore Shoal Suite 733,Adamsmouth,Arkansas,55467,45.584246,21.065378
Lori Lee,77,3978 Gregory Corner Apt. 217,Westport,Indiana,28054,-169.345306,-46.110907
Jennifer Torres,64,56795 David Causeway Suite 799,Josephmouth,North Dakota,30897,-69.612664,47.1752795
Jennifer Franklin,47,72979 Donald Estate,Kevinport,New Jersey,12336,-135.216985,23.1935995
Michael Fuentes,33,293 Kyle Port,East Lisa,New Hampshire,97722,-59.839348,-73.623871
Christopher Bass,57,216 Parrish Divide,West Cynthia,Arkansas,72164,-108.306052,-61.236406
Emily Williams,43,11148 Andrea Brook,Martintown,West Virginia,72904,23.938288,-70.517906
Emily Miles,26,0701 Wallace Islands,Philipmouth,Ohio,80697,-165.760297,-81.9283995
Joyce Cannon,72,757 Kimberly Route,Jenkinsport,Washington,89337,-155.410815,-21.8661535
Raymond Morrison,37,21057 Jose Parkway Suite 873,North Brandon,North Dakota,26156,-118.847839,83.178668
Ian Garcia MD,40,020 James Passage Apt. 751,West Thomaschester,California,90703,-58.822763,-29.144618
Valerie Meyer,60,588 Pham Ports,East Elizabethmouth,West Virginia,00866,77.092704,-87.033835
Julie Thompson,20,1540 Simon Curve,Port Tracy,Oklahoma,35233,-49.863161,-65.2529655
Christina Campbell,49,761 Jones Field Suite 262,New Karenberg,Alaska,77456,-52.053404,-65.929420
Kelly Warren,20,93663 Ramirez Mountains,South Christopherbury,Alaska,45353,28.150199,-85.9618725
Katrina Rush,75,6999 Cardenas Glen,New Brittney,Montana,81297,-173.080628,-6.5257445
Michael Miller,47,6147 Dennis Tunnel Suite 315,West Jasonmouth,South Carolina,58241,107.557738,32.4638635
Cynthia Carlson,52,985 Foster Ports,Garciamouth,Ohio,70218,119.078311,-40.530929
Ashley Cook,35,496 Christopher Union Suite 946,New Williamville,Virginia,02899,-28.203420,-36.3462075
David Khan,70,222 Anderson Crossroad,Matthewmouth,Georgia,37586,-173.532489,-72.119228
Sarah Santana,40,2543 Walter Locks Apt. 106,Berryfort,Idaho,92932,2.121629,38.1406825
Robert Wiley,58,398 Vaughn Lake Apt. 714,Jamesberg,Kentucky,60626,-86.053321,26.095686
Amy Coleman,43,214 Nicole Ford,New Diana,Illinois,26046,141.853854,8.993749
Laurie Clark,77,4514 Jesse Expressway Suite 015,Derrickfurt,Nevada,91602,-38.011179,-30.7362725
Andrew Burnett,24,31761 Michael River Suite 434,South Tonyafurt,Maryland,29141,115.931836,-42.162914
Jacob Shaw,46,51985 Andrew Shores Apt. 964,West Laurenburgh,Illinois,20228,42.906112,87.6705275
Tracy Hayden,79,2945 Obrien Pass Suite 944,Cunninghamtown,Missouri,50019,-69.161666,-61.8775265
Shannon Cobb,53,6243 Whitney Roads Suite 371,East Mark,Nevada,05176,-62.528827,-6.671048
Rebecca Carroll,32,225 Haynes Plaza,Jacksonborough,Kentucky,43283,138.971886,-28.4375215
Adam Baker,71,4550 Alison Hill,Scottmouth,Indiana,61072,-143.553529,13.328847
Nina Vaughan,75,90971 Walls Forest,Crystalmouth,Iowa,48656,74.816134,-21.1074695
Amanda Escobar,65,52989 Michael Curve Suite 558,Penningtonhaven,New Mexico,51359,-166.946887,78.4922305
Heather Young,36,27107 Griffin River Apt. 855,North April,Arkansas,61781,-23.456534,33.684231
Gary Harris,59,0554 Brown Point,Johnchester,Louisiana,66476,-114.895510,-55.204432
Jason Harding,76,0397 Jennifer Extensions Suite 439,Lake Latasha,Oklahoma,61808,112.326224,-12.6381465
Steven Hernandez,77,698 Keith Greens Suite 752,Joshuachester,New Jersey,37950,-35.923510,46.079460
Jennifer Pierce,41,45045 Strickland Groves Apt. 601,West Amber,West Virginia,97125,-65.004550,-43.5621005
Karen Long,39,3586 Julia Union Apt. 711,Carmenbury,California,47256,-21.524558,-32.9476035
Derrick Lewis,68,6864 Kelly Motorway Suite 646,Johnborough,Virginia,99039,-97.463201,24.1398115
Juan Bailey,76,75999 Donna Trail Suite 199,New Corey,Massachusetts,57441,-123.625393,-64.901712
Austin James,53,091 Justin Burgs Apt. 412,Lake Seanmouth,Mississippi,34141,26.972230,-56.008604
Stephanie Hayes,35,576 Madeline Estate Apt. 034,West Jasonstad,Pennsylvania,10335,95.792945,9.3094945
Eric Johnson,24,67527 Michael Oval,Markburgh,Minnesota,21969,-103.323091,67.793279
Melissa King,55,6139 Vanessa Causeway,Brentmouth,Wyoming,98408,-123.447669,39.981318
Elizabeth Tran,25,693 Hammond Pass,Port Felicia,Vermont,08386,-9.381076,-89.593291
Tonya Wilson,80,83174 Kari Heights Apt. 523,Cunninghamport,Wisconsin,15853,-59.413172,-13.6341505
Jerry Warner,67,889 Mcbride Canyon,Weaverberg,Hawaii,95500,53.957032,23.2208435
Linda Sanchez,50,532 Andrews Valleys,Hannahmouth,Michigan,99387,131.403932,-48.7688005
James Cruz,22,48251 Kevin Stream,Jamesstad,Oklahoma,51519,-123.415029,-13.7533045
Megan Anderson,54,976 Edward Crescent Suite 764,New Shannonbury,New York,23984,108.232586,-36.880753
Christopher Gonzalez,29,218 Lopez Shoals Suite 625,Harperbury,Indiana,88533,-146.810594,41.3704415
Joshua Butler,39,368 Hudson Summit Suite 115,East Christopherhaven,Minnesota,27405,151.830585,25.284631
Richard Estes,50,2236 Mitchell Camp Apt. 093,Bruceport,Utah,10017,85.677375,-32.6853685
Heidi Hammond,67,21724 Sanchez Wall,Sandovalstad,New Mexico,95205,124.668742,88.8909235
Catherine Branch,40,755 Nelson Unions,Rodriguezport,Texas,14846,113.316286,-75.1697955
William Blake,28,573 Katherine Curve Apt. 960,Lake Abigailton,Missouri,03947,38.961602,-38.013640
Reginald Roberts,18,2541 Janet Creek Suite 097,Davidview,Iowa,34741,39.419030,10.297381
Becky Fry,54,24692 Richard Hill Suite 610,New Nicholasfort,Idaho,70141,-175.661083,53.618116
Lisa Green,75,2271 Natalie Throughway Suite 667,Adamborough,Utah,29628,-126.964872,-45.5002185
Rachel Gould,42,8246 Duran Causeway Suite 717,Butlerbury,North Carolina,68245,3.608799,-41.511965
Katie Ford,65,95567 Whitney Plain Apt. 334,Lake Laurie,North Dakota,81615,-12.592699,84.427380
Dr. Shannon Hunt,20,84810 Henderson Circle Suite 618,Lucaston,Minnesota,48315,105.818805,72.6991395
Jeanette Gordon,77,3922 Roberts Mill Apt. 728,Millerberg,Utah,33259,-159.335108,-72.422916
Connie Ponce,57,364 Pham Island,East Madisonbury,California,78595,-61.271173,81.3343505
Shirley Dalton,74,972 Joshua Common,East Justin,Colorado,29061,-29.104811,-88.9174555
Alexandria Jackson,35,5705 Johnson Field Apt. 173,West Daniel,Ohio,80637,89.708901,-86.5371925
Anita Brandt,56,725 Adam Trace Suite 322,Richardsborough,Kentucky,59610,-51.482282,45.3087975
Brian Martin,68,8244 Walker Locks Apt. 964,East Dianeview,New Jersey,07706,-70.751425,24.172064
Larry Mccoy,47,972 Michael Ranch,Christensenshire,West Virginia,45269,43.479423,-30.390286
Sonya Smith,56,216 Glenn Motorway,Johnnyshire,Wyoming,57069,143.549656,-65.2619305
Robert Chandler,26,90274 Hines Loaf Suite 687,South Dominiqueshire,Indiana,79580,31.321184,12.5682735
Joel Shelton,24,315 Johnson Trail,Brownland,New York,18119,128.780044,-64.088949
Joe Perez,54,229 Anderson Valley,Port Tiffany,Wisconsin,73946,169.237378,53.5772905
Julian Martin,39,294 Jill Summit Suite 865,Brownhaven,Virginia,48088,-96.631389,-79.7072045
Stephanie Whitney,70,04586 Joshua Union Apt. 925,Kevinfurt,Delaware,63269,129.086873,-24.5849455
Lori Jenkins,45,4030 Lisa Cliff Apt. 410,Port Taylorhaven,Georgia,63142,11.953627,-12.079393
Kimberly Riley,43,867 Jeff Center,Dianeville,West Virginia,47512,-103.394714,-79.9354105
Angelica Vega,28,12147 Kramer Locks Suite 336,Jorgeview,Missouri,18751,58.350516,18.6952225
Aaron George,31,765 Ashley Plains,Stewartstad,New Mexico,49224,91.564285,-58.091592
Kimberly Ray,21,862 Karla Roads Apt. 673,Jonesport,Rhode Island,95348,0.627265,63.310475
Christopher Hart,64,7004 Freeman Causeway,Jarvisberg,Minnesota,77379,-167.770739,-34.5161875
Paul Watts,43,1970 Bradley Locks,Browntown,West Virginia,61948,-141.945563,-28.5461675
Keith Fletcher,21,5211 Rush Tunnel Apt. 022,South Moniqueland,Louisiana,85766,153.889574,69.552475
Jason Gillespie,45,841 Garcia Dam,Kimfurt,Maine,16994,-147.679240,66.8302735
David Daniels,66,082 Dennis Mills Apt. 225,Davidmouth,New Jersey,16975,-83.667615,81.462248
James Stevenson,27,0819 Meadows Street Suite 691,East Ana,Vermont,08296,46.239646,65.0862945
Derrick Ramsey,69,1023 Douglas Springs,New Connie,Delaware,64469,62.123277,61.0695375
Suzanne Parker,62,254 Chambers Meadows,Jillianport,Washington,67944,110.051043,78.483135
Mark Olson,33,20513 Lawson Extension,Lanechester,Washington,62135,76.480007,-24.399442
Leah Decker,37,303 Maria Green Suite 728,Lake Lisa,Oklahoma,46346,7.413403,-3.646251
Danielle Gonzalez,51,67711 Golden Centers,Lake Robertview,Delaware,32228,-110.341988,-13.860539
Hannah Reeves,40,9409 Sean Mews Suite 738,Juanberg,North Dakota,65584,124.442099,-22.4489585
Cindy Strong,61,50866 Joseph Fork,Port Meganfurt,Oregon,29866,65.935964,64.5652315
Alisha Turner,54,68098 Emma Well,Lake Rachel,Iowa,54019,94.543269,-55.4287615
John Montgomery,71,56817 Julie Flats Apt. 974,New Carolynberg,Georgia,84626,146.553958,-52.356177
Nathan Martin,33,5360 Griffin Green Suite 254,Crawfordborough,Mississippi,12167,-27.167682,78.2092755
Nancy Harrell,76,76151 Castaneda Ville Suite 623,Port Barryborough,Hawaii,13844,178.964556,50.1986695
Jonathan Smith,22,99645 Holly Cliffs,Mariafort,North Carolina,19795,-67.367975,28.0163715
Jackie Smith,72,60373 James Squares Suite 948,Sandovalberg,Wisconsin,80684,-18.277398,21.7653235
Cindy Crane,55,7458 Garcia Spring Apt. 049,Wardhaven,Maryland,07334,-134.863772,-49.656026
Jennifer Stewart,63,667 Henderson Cove Suite 697,West Samanthatown,Pennsylvania,61801,87.893638,-32.5411285
Emily Edwards,40,299 Davis Centers,West Cynthiashire,California,62128,46.075559,18.6023405
Natasha Gilmore,30,2948 Mitchell Tunnel Apt. 510,South Kayla,West Virginia,36230,-54.361832,66.0099765
Timothy Stokes,18,77183 Bell Mill,Danielleside,Maine,40193,-7.013443,-36.3345785
Martin Hardy,60,87635 Haley Square Apt. 250,Walterchester,New York,02003,-21.236003,-24.3274995
Keith Strong,79,8587 Brennan Crossroad,Aaronhaven,South Carolina,50970,29.630714,80.7493815
Tyler Stewart,75,69994 Townsend Parkways Suite 052,Lake Sharistad,Minnesota,27223,-153.762222,87.684941
Richard Walker,63,310 Gary Knoll Apt. 947,Davidland,Texas,69437,177.690620,14.6450285
Kevin King,66,634 Kevin Passage,Williamsshire,Connecticut,95692,171.050508,38.3572665
Adam Hall,66,6518 Jeffrey Terrace Suite 606,Wilsontown,Vermont,91146,-131.998571,-39.0792265
David Jones MD,78,017 Hernandez Shoals,West Heather,New Hampshire,21635,111.300044,58.170974
Gabriel Williamson,52,63790 Parsons Stream Suite 982,Justinberg,California,06130,-72.069236,-36.2623225
Stephanie Koch,31,6965 Carol Mountains Apt. 975,Billytown,California,78952,-26.669012,-55.437664
Jordan Wilson,31,2734 Livingston Grove,New Travis,Nebraska,80698,-23.774010,47.8081905
Cheryl Hughes,59,504 Logan Road Apt. 513,Brownshire,Colorado,61523,72.012905,-19.725162
Kevin Wright,41,279 Tiffany Park Apt. 049,New Pamelafort,New Hampshire,18001,-110.585751,-17.0010905
Cameron Fuller,51,4177 Valerie Cliff,North Matthewside,Colorado,40659,105.747738,68.753136
Carol Barnes,18,11168 Moreno Divide Apt. 300,Jacobmouth,Washington,78820,89.437868,68.8662545
David Johnston,61,795 Reed Trace,West Jacqueline,Vermont,68643,85.538370,-4.1165885
Andrew Norton,23,44489 Douglas Fords Suite 703,Arnoldview,Wyoming,34083,-14.729146,-38.834973
Larry Gibson,50,34301 Doyle Causeway Apt. 135,Port Trevorchester,Vermont,09699,132.015553,86.3216345
Eric Thomas,68,0799 Michele Meadows Suite 012,Lake Amanda,Pennsylvania,70417,97.301659,-77.914232
Lauren Watson DDS,19,62751 Ramirez Trail,Parkstad,Maine,97501,-173.859104,22.452183
Michael Stevens,75,758 Carroll Junction Apt. 767,Clarkborough,Washington,29469,-85.226897,-36.220988
Kimberly Brown,58,403 Smith Neck Apt. 580,Reidview,Iowa,28173,-79.306690,40.417354
Jeffrey Meza,75,9972 Heather Overpass,East Mollyfort,California,74184,-66.340912,54.143490
Nathan Dominguez,30,20870 Snyder Avenue Suite 096,Port Erica,Maine,51500,-147.759935,-21.8852875
Ricky Soto,22,57369 Jenkins Springs Apt. 490,North Kellyport,Maryland,16382,-111.637512,47.8216945
Diane Morgan,22,18846 Courtney Alley Apt. 059,Traceyside,North Dakota,42633,19.767456,-48.6815935
Kenneth Collins,33,221 Smith Springs,Clarkburgh,Mississippi,64575,-118.953591,-38.6089475
Perry Lowe,56,791 Tracie Plain Suite 563,South Lisaport,Colorado,15426,177.513569,-41.595313
Patrick Herrera,68,445 Brandon Keys Apt. 843,Brookeview,Montana,50436,142.949749,-32.0558455
Dwayne Young,44,35109 Courtney Plains,East Diana,South Dakota,98504,70.610658,-72.4631795
Heather Stone,29,023 Taylor Shore Apt. 205,Lake Henry,Indiana,85641,12.212932,-27.239351
Derek Carroll,32,827 Bishop Viaduct Apt. 235,North Lisastad,Minnesota,05226,-11.919043,2.648862
Elizabeth Perez,21,3876 Kristopher Meadow,New Destiny,New Jersey,24532,-100.297000,-29.458512
Mr. Joshua Richard,20,34498 Floyd Walks Suite 725,Ritterborough,Iowa,26804,16.331080,9.438136
Michael Burton,68,6794 Paul Way Apt. 884,West Patrickchester,Pennsylvania,93415,131.268942,85.0395675
Melissa Richardson,32,892 Rivera Stream,Lisaland,Maryland,54309,41.139030,-17.483978
Jeffrey David,49,12378 Williams Forks,Lake Brettbury,Arkansas,56586,-115.478135,87.981996
Linda Miller,63,05397 Delacruz Valley,Jacobsport,Montana,05328,-31.931272,-44.2203075
Amy Contreras,50,57452 Garza Trafficway Apt. 206,Snyderside,Arkansas,39453,46.165062,47.153175
Haley Bell,53,3478 Johnson Neck,Robertside,Wisconsin,93178,-117.341657,-36.7266475
John Cole,26,692 Key Rest Suite 768,Timothyfort,California,22950,158.464266,-41.9293125
Sylvia Wagner,54,41892 Christopher Squares,Villegasside,North Dakota,38402,-155.075075,9.859557
Jeffrey Rivas,63,36797 Brandy Plain,Michaelside,Iowa,78075,148.722775,23.809587
Anthony Jennings,23,24643 Austin Mill,Rebeccaview,South Dakota,05368,-158.901799,-60.718015
Kimberly Peck,36,423 Wells Street Suite 164,Dennisborough,Nevada,19316,-40.174203,-18.6776065
Emily Underwood,79,9479 Turner Squares,Port Bryan,Minnesota,40369,-6.851479,-38.9738755
Jon Erickson,77,1970 Gonzalez Corners,Danielsbury,Wisconsin,76265,44.051827,57.9183955
Heather Harris,19,515 Carlos Ports,East Vincent,South Dakota,72782,37.219691,59.8691205
Charles Hudson,26,409 Sandra Springs,Holmesview,Nebraska,28424,-54.224425,29.144617
Amanda Garcia,45,0695 Daniel Wall Suite 921,East Kelsey,Louisiana,57107,-13.641687,31.893104
Bernard Holden DVM,77,2980 Morris Light Suite 781,Acostabury,North Dakota,80472,-177.122399,-83.2068795
Seth Tran,66,0564 Lisa Causeway,Port Kimberly,South Carolina,61825,105.794346,31.313818
Rachel Williams,70,6700 Bowers Manors,Port Kimberly,Massachusetts,57283,73.746332,-26.184339
Christopher Gentry,52,81873 Ochoa Heights Suite 744,Longhaven,Louisiana,16637,37.952139,-87.5564545
Alicia Nash,24,1188 Daniel Via,Hornmouth,New York,61919,-0.927031,-8.7081415
Dustin Gonzalez PhD,75,8643 Lisa Shoal,Stephenchester,North Dakota,25882,-99.732820,41.0301225
Debra Robles,49,663 Wright Junctions,Port Kevintown,Pennsylvania,08859,44.424548,-30.662316
Barbara Martinez,41,180 Powell Mall Apt. 002,Lake Williamfort,South Carolina,60198,161.867855,38.460180
Henry Pena,36,69617 Benjamin Island,South James,Connecticut,38853,-162.015835,2.6600325
Caroline Lane,76,4002 John Parkway,North Jonathan,Kansas,91531,-32.112675,-84.3690555
Donna Walker,66,4565 Sara Drive Apt. 418,Thomasbury,Pennsylvania,37407,-111.049657,-27.104126
Amy Estes,18,887 Tiffany Court Suite 977,East Katherine,Maine,82314,154.212504,-32.010242
Robert Huffman,40,7873 Brenda Rapid,Michelleshire,Nevada,36992,114.358913,44.074808
Caroline Espinoza,65,0190 White Shore,Port Brittany,Hawaii,11261,69.086625,46.084220
Alexander Clark,28,4056 Lopez Fall,North Brian,Kansas,00933,73.933922,-37.078609
Amy Hooper,21,722 Copeland Turnpike,East Charlesburgh,Virginia,53369,119.330337,-47.603311
Julie Williams,28,31877 Catherine Expressway,New Sarah,New Mexico,11539,-112.036062,-22.8460145
Jessica Hart,41,91900 Clark Circle,New Christian,Wyoming,83648,-119.236420,51.311493
Daniel Lowe,52,81018 Robert Forks Suite 820,Pottershire,South Carolina,51634,29.146731,-69.866164
Timothy Chaney,59,18103 Guerra Valleys Apt. 896,South Andreaton,Wisconsin,25670,174.598713,-82.3920705
Bryan Klein,39,945 Blake Gateway,Port Derrickfort,Wyoming,71009,-152.546306,34.273500
Leah Brown,56,54878 Summers Fort Apt. 766,North Julieshire,Wisconsin,06365,-128.135674,-77.016835
Ryan Bird,18,265 Turner Viaduct Suite 781,Warrenberg,North Carolina,41505,-156.995929,-47.4691235
James Bennett,57,78090 Wilson Course Suite 293,Christopherbury,Alabama,26829,-168.654982,-48.8216185
Ashley Jones,46,99458 Jeremy River,Jasonburgh,Virginia,08789,-167.123241,71.010113
